image_id,image_path,source_dataset,original_label,llm_score_band,llm_representative_score,llm_coarse_class,llm_reasoning,human_score_band,human_representative_score,human_coarse_class,final_score_band,final_representative_score,final_coarse_class,review_status,disagreement_flag,review_notes,split
real_redf0xwin_0001,data/real/source/redf0xwin_recognizing_defects_in_boxes_and_cardboard/images/0001.jpg,kaggle:redf0xwin/recognizing-defects-in-boxes-and-cardboard,dent:7;hole:3,,,,,76-85,80,severe,76-85,80,severe,labeled,,,
real_redf0xwin_0002,data/real/source/redf0xwin_recognizing_defects_in_boxes_and_cardboard/images/0002.jpg,kaggle:redf0xwin/recognizing-defects-in-boxes-and-cardboard,dent:4,,,,,,,,,,,in_review,,,
real_redf0xwin_0003,data/real/source/redf0xwin_recognizing_defects_in_boxes_and_cardboard/images/0003.jpg,kaggle:redf0xwin/recognizing-defects-in-boxes-and-cardboard,dent:8,,,,,,,,,,,pending,,,
real_redf0xwin_0004,data/real/source/redf0xwin_recognizing_defects_in_boxes_and_cardboard/images/0004.jpg,kaggle:redf0xwin/recognizing-defects-in-boxes-and-cardboard,dent:10;hole:1,,,,,,,,,,,pending,,,
real_redf0xwin_0005,data/real/source/redf0xwin_recognizing_defects_in_boxes_and_cardboard/images/0005.jpg,kaggle:redf0xwin/recognizing-defects-in-boxes-and-cardboard,dent:7;hole:4,,,,,,,,,,,pending,,,
real_redf0xwin_0006,data/real/source/redf0xwin_recognizing_defects_in_boxes_and_cardboard/images/0006.jpg,kaggle:redf0xwin/recognizing-defects-in-boxes-and-cardboard,dent:3;hole:6,,,,,,,,,,,pending,,,
real_redf0xwin_0007,data/real/source/redf0xwin_recognizing_defects_in_boxes_and_cardboard/images/0007.jpg,kaggle:redf0xwin/recognizing-defects-in-boxes-and-cardboard,dent:7;hole:4,,,,,,,,,,,pending,,,
real_redf0xwin_0008,data/real/source/redf0xwin_recognizing_defects_in_boxes_and_cardboard/images/0008.jpg,kaggle:redf0xwin/recognizing-defects-in-boxes-and-cardboard,dent:6;hole:1,,,,,,,,,,,pending,,,
real_redf0xwin_0009,data/real/source/redf0xwin_recognizing_defects_in_boxes_and_cardboard/images/0009.jpg,kaggle:redf0xwin/recognizing-defects-in-boxes-and-cardboard,dent:13,,,,,,,,,,,pending,,,
real_redf0xwin_0010,data/real/source/redf0xwin_recognizing_defects_in_boxes_and_cardboard/images/0010.jpg,kaggle:redf0xwin/recognizing-defects-in-boxes-and-cardboard,dent:9;hole:1,,,,,,,,,,,pending,,,
real_redf0xwin_0011,data/real/source/redf0xwin_recognizing_defects_in_boxes_and_cardboard/images/0011.jpg,kaggle:redf0xwin/recognizing-defects-in-boxes-and-cardboard,,,,,,,,,,,,pending,,,
real_redf0xwin_0012,data/real/source/redf0xwin_recognizing_defects_in_boxes_and_cardboard/images/0012.jpg,kaggle:redf0xwin/recognizing-defects-in-boxes-and-cardboard,hole:2,,,,,,,,,,,pending,,,
real_redf0xwin_0013,data/real/source/redf0xwin_recognizing_defects_in_boxes_and_cardboard/images/0013.jpg,kaggle:redf0xwin/recognizing-defects-in-boxes-and-cardboard,,,,,,,,,,,,pending,,,
real_redf0xwin_0014,data/real/source/redf0xwin_recognizing_defects_in_boxes_and_cardboard/images/0014.jpg,kaggle:redf0xwin/recognizing-defects-in-boxes-and-cardboard,hole:2,,,,,,,,,,,pending,,,
real_redf0xwin_0015,data/real/source/redf0xwin_recognizing_defects_in_boxes_and_cardboard/images/0015.jpg,kaggle:redf0xwin/recognizing-defects-in-boxes-and-cardboard,,,,,,,,,,,,pending,,,
real_redf0xwin_0016,data/real/source/redf0xwin_recognizing_defects_in_boxes_and_cardboard/images/0016.jpg,kaggle:redf0xwin/recognizing-defects-in-boxes-and-cardboard,hole:2,,,,,,,,,,,pending,,,
real_redf0xwin_0017,data/real/source/redf0xwin_recognizing_defects_in_boxes_and_cardboard/images/0017.jpg,kaggle:redf0xwin/recognizing-defects-in-boxes-and-cardboard,hole:3,,,,,,,,,,,pending,,,
real_redf0xwin_0018,data/real/source/redf0xwin_recognizing_defects_in_boxes_and_cardboard/images/0018.jpg,kaggle:redf0xwin/recognizing-defects-in-boxes-and-cardboard,dent:1;hole:3,,,,,,,,,,,pending,,,
real_redf0xwin_0019,data/real/source/redf0xwin_recognizing_defects_in_boxes_and_cardboard/images/0019.jpg,kaggle:redf0xwin/recognizing-defects-in-boxes-and-cardboard,,,,,,,,,,,,pending,,,
real_redf0xwin_0020,data/real/source/redf0xwin_recognizing_defects_in_boxes_and_cardboard/images/0020.jpg,kaggle:redf0xwin/recognizing-defects-in-boxes-and-cardboard,dent:1;hole:2,,,,,,,,,,,pending,,,
real_redf0xwin_0021,data/real/source/redf0xwin_recognizing_defects_in_boxes_and_cardboard/images/0021.jpg,kaggle:redf0xwin/recognizing-defects-in-boxes-and-cardboard,dent:2,,,,,,,,,,,pending,,,
real_redf0xwin_0022,data/real/source/redf0xwin_recognizing_defects_in_boxes_and_cardboard/images/0022.jpg,kaggle:redf0xwin/recognizing-defects-in-boxes-and-cardboard,,,,,,,,,,,,pending,,,
real_redf0xwin_0023,data/real/source/redf0xwin_recognizing_defects_in_boxes_and_cardboard/images/0023.jpg,kaggle:redf0xwin/recognizing-defects-in-boxes-and-cardboard,hole:2,,,,,,,,,,,pending,,,
real_redf0xwin_0024,data/real/source/redf0xwin_recognizing_defects_in_boxes_and_cardboard/images/0024.jpg,kaggle:redf0xwin/recognizing-defects-in-boxes-and-cardboard,dent:1;hole:2,,,,,,,,,,,pending,,,
real_redf0xwin_0025,data/real/source/redf0xwin_recognizing_defects_in_boxes_and_cardboard/images/0025.jpg,kaggle:redf0xwin/recognizing-defects-in-boxes-and-cardboard,dent:5;dirt:5;hole:10,,,,,,,,,,,pending,,,
real_redf0xwin_0026,data/real/source/redf0xwin_recognizing_defects_in_boxes_and_cardboard/images/0026.jpg,kaggle:redf0xwin/recognizing-defects-in-boxes-and-cardboard,dent:5;hole:1,,,,,,,,,,,pending,,,
real_redf0xwin_0027,data/real/source/redf0xwin_recognizing_defects_in_boxes_and_cardboard/images/0027.jpg,kaggle:redf0xwin/recognizing-defects-in-boxes-and-cardboard,dent:21;dirt:3;hole:4,,,,,,,,,,,pending,,,
real_redf0xwin_0028,data/real/source/redf0xwin_recognizing_defects_in_boxes_and_cardboard/images/0028.jpg,kaggle:redf0xwin/recognizing-defects-in-boxes-and-cardboard,dent:1;dirt:1,,,,,,,,,,,pending,,,
real_redf0xwin_0029,data/real/source/redf0xwin_recognizing_defects_in_boxes_and_cardboard/images/0029.jpg,kaggle:redf0xwin/recognizing-defects-in-boxes-and-cardboard,dent:11;hole:3,,,,,,,,,,,pending,,,
real_redf0xwin_0030,data/real/source/redf0xwin_recognizing_defects_in_boxes_and_cardboard/images/0030.jpg,kaggle:redf0xwin/recognizing-defects-in-boxes-and-cardboard,dent:11;dirt:4;hole:1,,,,,,,,,,,pending,,,
real_redf0xwin_0031,data/real/source/redf0xwin_recognizing_defects_in_boxes_and_cardboard/images/0031.jpg,kaggle:redf0xwin/recognizing-defects-in-boxes-and-cardboard,,,,,,,,,,,,pending,,,
real_redf0xwin_0032,data/real/source/redf0xwin_recognizing_defects_in_boxes_and_cardboard/images/0032.jpg,kaggle:redf0xwin/recognizing-defects-in-boxes-and-cardboard,,,,,,,,,,,,pending,,,
real_redf0xwin_0033,data/real/source/redf0xwin_recognizing_defects_in_boxes_and_cardboard/images/0033.jpg,kaggle:redf0xwin/recognizing-defects-in-boxes-and-cardboard,,,,,,,,,,,,pending,,,
real_redf0xwin_0034,data/real/source/redf0xwin_recognizing_defects_in_boxes_and_cardboard/images/0034.jpg,kaggle:redf0xwin/recognizing-defects-in-boxes-and-cardboard,,,,,,,,,,,,pending,,,
real_redf0xwin_0035,data/real/source/redf0xwin_recognizing_defects_in_boxes_and_cardboard/images/0035.jpg,kaggle:redf0xwin/recognizing-defects-in-boxes-and-cardboard,,,,,,,,,,,,pending,,,
real_redf0xwin_0036,data/real/source/redf0xwin_recognizing_defects_in_boxes_and_cardboard/images/0036.jpg,kaggle:redf0xwin/recognizing-defects-in-boxes-and-cardboard,,,,,,,,,,,,pending,,,
real_redf0xwin_0037,data/real/source/redf0xwin_recognizing_defects_in_boxes_and_cardboard/images/0037.jpg,kaggle:redf0xwin/recognizing-defects-in-boxes-and-cardboard,,,,,,,,,,,,pending,,,
real_redf0xwin_0038,data/real/source/redf0xwin_recognizing_defects_in_boxes_and_cardboard/images/0038.jpg,kaggle:redf0xwin/recognizing-defects-in-boxes-and-cardboard,dent:31,,,,,,,,,,,pending,,,
real_redf0xwin_0039,data/real/source/redf0xwin_recognizing_defects_in_boxes_and_cardboard/images/0039.jpg,kaggle:redf0xwin/recognizing-defects-in-boxes-and-cardboard,dent:4;hole:1,,,,,,,,,,,pending,,,
real_redf0xwin_0040,data/real/source/redf0xwin_recognizing_defects_in_boxes_and_cardboard/images/0040.jpg,kaggle:redf0xwin/recognizing-defects-in-boxes-and-cardboard,hole:1,,,,,,,,,,,pending,,,
real_redf0xwin_0041,data/real/source/redf0xwin_recognizing_defects_in_boxes_and_cardboard/images/0041.jpg,kaggle:redf0xwin/recognizing-defects-in-boxes-and-cardboard,dent:3,,,,,,,,,,,pending,,,
real_redf0xwin_0042,data/real/source/redf0xwin_recognizing_defects_in_boxes_and_cardboard/images/0042.jpg,kaggle:redf0xwin/recognizing-defects-in-boxes-and-cardboard,dent:3;hole:1,,,,,,,,,,,pending,,,
real_redf0xwin_0043,data/real/source/redf0xwin_recognizing_defects_in_boxes_and_cardboard/images/0043.jpg,kaggle:redf0xwin/recognizing-defects-in-boxes-and-cardboard,,,,,,,,,,,,pending,,,
real_redf0xwin_0044,data/real/source/redf0xwin_recognizing_defects_in_boxes_and_cardboard/images/0044.jpg,kaggle:redf0xwin/recognizing-defects-in-boxes-and-cardboard,dent:5,,,,,,,,,,,pending,,,
real_redf0xwin_0045,data/real/source/redf0xwin_recognizing_defects_in_boxes_and_cardboard/images/0045.jpg,kaggle:redf0xwin/recognizing-defects-in-boxes-and-cardboard,dent:1,,,,,,,,,,,pending,,,
real_redf0xwin_0046,data/real/source/redf0xwin_recognizing_defects_in_boxes_and_cardboard/images/0046.jpg,kaggle:redf0xwin/recognizing-defects-in-boxes-and-cardboard,dent:3;hole:3,,,,,,,,,,,pending,,,
real_redf0xwin_0047,data/real/source/redf0xwin_recognizing_defects_in_boxes_and_cardboard/images/0047.jpg,kaggle:redf0xwin/recognizing-defects-in-boxes-and-cardboard,hole:2,,,,,,,,,,,pending,,,
real_redf0xwin_0048,data/real/source/redf0xwin_recognizing_defects_in_boxes_and_cardboard/images/0048.jpg,kaggle:redf0xwin/recognizing-defects-in-boxes-and-cardboard,dirt:6;hole:2,,,,,,,,,,,pending,,,
real_redf0xwin_0049,data/real/source/redf0xwin_recognizing_defects_in_boxes_and_cardboard/images/0049.jpg,kaggle:redf0xwin/recognizing-defects-in-boxes-and-cardboard,dent:23;dirt:9;hole:1,,,,,,,,,,,pending,,,
real_redf0xwin_0050,data/real/source/redf0xwin_recognizing_defects_in_boxes_and_cardboard/images/0050.jpg,kaggle:redf0xwin/recognizing-defects-in-boxes-and-cardboard,,,,,,,,,,,,pending,,,
real_redf0xwin_0051,data/real/source/redf0xwin_recognizing_defects_in_boxes_and_cardboard/images/0051.jpg,kaggle:redf0xwin/recognizing-defects-in-boxes-and-cardboard,,,,,,,,,,,,pending,,,
real_redf0xwin_0052,data/real/source/redf0xwin_recognizing_defects_in_boxes_and_cardboard/images/0052.jpg,kaggle:redf0xwin/recognizing-defects-in-boxes-and-cardboard,,,,,,,,,,,,pending,,,
real_redf0xwin_0053,data/real/source/redf0xwin_recognizing_defects_in_boxes_and_cardboard/images/0053.jpg,kaggle:redf0xwin/recognizing-defects-in-boxes-and-cardboard,,,,,,,,,,,,pending,,,
real_redf0xwin_0054,data/real/source/redf0xwin_recognizing_defects_in_boxes_and_cardboard/images/0054.jpg,kaggle:redf0xwin/recognizing-defects-in-boxes-and-cardboard,,,,,,,,,,,,pending,,,
real_redf0xwin_0055,data/real/source/redf0xwin_recognizing_defects_in_boxes_and_cardboard/images/0055.jpg,kaggle:redf0xwin/recognizing-defects-in-boxes-and-cardboard,,,,,,,,,,,,pending,,,
real_redf0xwin_0056,data/real/source/redf0xwin_recognizing_defects_in_boxes_and_cardboard/images/0056.jpg,kaggle:redf0xwin/recognizing-defects-in-boxes-and-cardboard,,,,,,,,,,,,pending,,,
real_redf0xwin_0057,data/real/source/redf0xwin_recognizing_defects_in_boxes_and_cardboard/images/0057.jpg,kaggle:redf0xwin/recognizing-defects-in-boxes-and-cardboard,dent:16,,,,,,,,,,,pending,,,
real_redf0xwin_0058,data/real/source/redf0xwin_recognizing_defects_in_boxes_and_cardboard/images/0058.jpg,kaggle:redf0xwin/recognizing-defects-in-boxes-and-cardboard,dent:4;hole:1,,,,,,,,,,,pending,,,
real_redf0xwin_0059,data/real/source/redf0xwin_recognizing_defects_in_boxes_and_cardboard/images/0059.jpg,kaggle:redf0xwin/recognizing-defects-in-boxes-and-cardboard,dent:9;hole:2,,,,,,,,,,,pending,,,
real_redf0xwin_0060,data/real/source/redf0xwin_recognizing_defects_in_boxes_and_cardboard/images/0060.jpg,kaggle:redf0xwin/recognizing-defects-in-boxes-and-cardboard,dent:1;hole:3,,,,,,,,,,,pending,,,
real_redf0xwin_0061,data/real/source/redf0xwin_recognizing_defects_in_boxes_and_cardboard/images/0061.jpg,kaggle:redf0xwin/recognizing-defects-in-boxes-and-cardboard,,,,,,,,,,,,pending,,,
real_redf0xwin_0062,data/real/source/redf0xwin_recognizing_defects_in_boxes_and_cardboard/images/0062.jpg,kaggle:redf0xwin/recognizing-defects-in-boxes-and-cardboard,dent:4,,,,,,,,,,,pending,,,
real_redf0xwin_0063,data/real/source/redf0xwin_recognizing_defects_in_boxes_and_cardboard/images/0063.jpg,kaggle:redf0xwin/recognizing-defects-in-boxes-and-cardboard,dent:8;hole:2,,,,,,,,,,,pending,,,
real_redf0xwin_0064,data/real/source/redf0xwin_recognizing_defects_in_boxes_and_cardboard/images/0064.jpg,kaggle:redf0xwin/recognizing-defects-in-boxes-and-cardboard,dent:5,,,,,,,,,,,pending,,,
real_redf0xwin_0065,data/real/source/redf0xwin_recognizing_defects_in_boxes_and_cardboard/images/0065.jpg,kaggle:redf0xwin/recognizing-defects-in-boxes-and-cardboard,hole:1,,,,,,,,,,,pending,,,
real_redf0xwin_0066,data/real/source/redf0xwin_recognizing_defects_in_boxes_and_cardboard/images/0066.jpg,kaggle:redf0xwin/recognizing-defects-in-boxes-and-cardboard,dent:18;hole:1,,,,,,,,,,,pending,,,
real_redf0xwin_0067,data/real/source/redf0xwin_recognizing_defects_in_boxes_and_cardboard/images/0067.jpg,kaggle:redf0xwin/recognizing-defects-in-boxes-and-cardboard,hole:2,,,,,,,,,,,pending,,,
real_redf0xwin_0068,data/real/source/redf0xwin_recognizing_defects_in_boxes_and_cardboard/images/0068.jpg,kaggle:redf0xwin/recognizing-defects-in-boxes-and-cardboard,dent:8;hole:2,,,,,,,,,,,pending,,,
real_redf0xwin_0069,data/real/source/redf0xwin_recognizing_defects_in_boxes_and_cardboard/images/0069.jpg,kaggle:redf0xwin/recognizing-defects-in-boxes-and-cardboard,dent:6,,,,,,,,,,,pending,,,
real_redf0xwin_0070,data/real/source/redf0xwin_recognizing_defects_in_boxes_and_cardboard/images/0070.jpg,kaggle:redf0xwin/recognizing-defects-in-boxes-and-cardboard,,,,,,,,,,,,pending,,,
real_redf0xwin_0071,data/real/source/redf0xwin_recognizing_defects_in_boxes_and_cardboard/images/0071.jpg,kaggle:redf0xwin/recognizing-defects-in-boxes-and-cardboard,,,,,,,,,,,,pending,,,
real_redf0xwin_0072,data/real/source/redf0xwin_recognizing_defects_in_boxes_and_cardboard/images/0072.jpg,kaggle:redf0xwin/recognizing-defects-in-boxes-and-cardboard,,,,,,,,,,,,pending,,,
real_redf0xwin_0073,data/real/source/redf0xwin_recognizing_defects_in_boxes_and_cardboard/images/0073.jpg,kaggle:redf0xwin/recognizing-defects-in-boxes-and-cardboard,,,,,,,,,,,,pending,,,
real_redf0xwin_0074,data/real/source/redf0xwin_recognizing_defects_in_boxes_and_cardboard/images/0074.jpg,kaggle:redf0xwin/recognizing-defects-in-boxes-and-cardboard,dent:9,,,,,,,,,,,pending,,,
real_redf0xwin_0075,data/real/source/redf0xwin_recognizing_defects_in_boxes_and_cardboard/images/0075.jpg,kaggle:redf0xwin/recognizing-defects-in-boxes-and-cardboard,,,,,,,,,,,,pending,,,
real_redf0xwin_0076,data/real/source/redf0xwin_recognizing_defects_in_boxes_and_cardboard/images/0076.jpg,kaggle:redf0xwin/recognizing-defects-in-boxes-and-cardboard,dent:8;hole:3,,,,,,,,,,,pending,,,
real_redf0xwin_0077,data/real/source/redf0xwin_recognizing_defects_in_boxes_and_cardboard/images/0077.jpg,kaggle:redf0xwin/recognizing-defects-in-boxes-and-cardboard,dent:2,,,,,,,,,,,pending,,,
real_redf0xwin_0078,data/real/source/redf0xwin_recognizing_defects_in_boxes_and_cardboard/images/0078.jpg,kaggle:redf0xwin/recognizing-defects-in-boxes-and-cardboard,dent:1,,,,,,,,,,,pending,,,
real_redf0xwin_0079,data/real/source/redf0xwin_recognizing_defects_in_boxes_and_cardboard/images/0079.jpg,kaggle:redf0xwin/recognizing-defects-in-boxes-and-cardboard,dent:3,,,,,,,,,,,pending,,,
real_redf0xwin_0080,data/real/source/redf0xwin_recognizing_defects_in_boxes_and_cardboard/images/0080.jpg,kaggle:redf0xwin/recognizing-defects-in-boxes-and-cardboard,hole:1,,,,,,,,,,,pending,,,
real_redf0xwin_0081,data/real/source/redf0xwin_recognizing_defects_in_boxes_and_cardboard/images/0081.jpg,kaggle:redf0xwin/recognizing-defects-in-boxes-and-cardboard,dent:9,,,,,,,,,,,pending,,,
real_redf0xwin_0082,data/real/source/redf0xwin_recognizing_defects_in_boxes_and_cardboard/images/0082.jpg,kaggle:redf0xwin/recognizing-defects-in-boxes-and-cardboard,dent:6,,,,,,,,,,,pending,,,
real_redf0xwin_0083,data/real/source/redf0xwin_recognizing_defects_in_boxes_and_cardboard/images/0083.jpg,kaggle:redf0xwin/recognizing-defects-in-boxes-and-cardboard,dent:6,,,,,,,,,,,pending,,,
real_redf0xwin_0084,data/real/source/redf0xwin_recognizing_defects_in_boxes_and_cardboard/images/0084.jpg,kaggle:redf0xwin/recognizing-defects-in-boxes-and-cardboard,dent:4,,,,,,,,,,,pending,,,
real_redf0xwin_0085,data/real/source/redf0xwin_recognizing_defects_in_boxes_and_cardboard/images/0085.jpg,kaggle:redf0xwin/recognizing-defects-in-boxes-and-cardboard,dent:14,,,,,,,,,,,pending,,,
real_redf0xwin_0086,data/real/source/redf0xwin_recognizing_defects_in_boxes_and_cardboard/images/0086.jpg,kaggle:redf0xwin/recognizing-defects-in-boxes-and-cardboard,dent:10;hole:2,,,,,,,,,,,pending,,,
real_redf0xwin_0087,data/real/source/redf0xwin_recognizing_defects_in_boxes_and_cardboard/images/0087.jpg,kaggle:redf0xwin/recognizing-defects-in-boxes-and-cardboard,dent:7;hole:4,,,,,,,,,,,pending,,,
real_redf0xwin_0088,data/real/source/redf0xwin_recognizing_defects_in_boxes_and_cardboard/images/0088.jpg,kaggle:redf0xwin/recognizing-defects-in-boxes-and-cardboard,dent:5;hole:3,,,,,,,,,,,pending,,,
real_redf0xwin_0089,data/real/source/redf0xwin_recognizing_defects_in_boxes_and_cardboard/images/0089.jpg,kaggle:redf0xwin/recognizing-defects-in-boxes-and-cardboard,dent:7;hole:2,,,,,,,,,,,pending,,,
real_redf0xwin_0090,data/real/source/redf0xwin_recognizing_defects_in_boxes_and_cardboard/images/0090.jpg,kaggle:redf0xwin/recognizing-defects-in-boxes-and-cardboard,,,,,,,,,,,,pending,,,
real_redf0xwin_0091,data/real/source/redf0xwin_recognizing_defects_in_boxes_and_cardboard/images/0091.jpg,kaggle:redf0xwin/recognizing-defects-in-boxes-and-cardboard,dent:1,,,,,,,,,,,pending,,,
real_redf0xwin_0092,data/real/source/redf0xwin_recognizing_defects_in_boxes_and_cardboard/images/0092.jpg,kaggle:redf0xwin/recognizing-defects-in-boxes-and-cardboard,dent:1,,,,,,,,,,,pending,,,
real_redf0xwin_0093,data/real/source/redf0xwin_recognizing_defects_in_boxes_and_cardboard/images/0093.jpg,kaggle:redf0xwin/recognizing-defects-in-boxes-and-cardboard,dent:1,,,,,,,,,,,pending,,,
real_redf0xwin_0094,data/real/source/redf0xwin_recognizing_defects_in_boxes_and_cardboard/images/0094.jpg,kaggle:redf0xwin/recognizing-defects-in-boxes-and-cardboard,dent:7;hole:1,,,,,,,,,,,pending,,,
real_redf0xwin_0095,data/real/source/redf0xwin_recognizing_defects_in_boxes_and_cardboard/images/0095.jpg,kaggle:redf0xwin/recognizing-defects-in-boxes-and-cardboard,dent:4,,,,,,,,,,,pending,,,
real_redf0xwin_0096,data/real/source/redf0xwin_recognizing_defects_in_boxes_and_cardboard/images/0096.jpg,kaggle:redf0xwin/recognizing-defects-in-boxes-and-cardboard,dent:26,,,,,,,,,,,pending,,,
real_redf0xwin_0097,data/real/source/redf0xwin_recognizing_defects_in_boxes_and_cardboard/images/0097.jpg,kaggle:redf0xwin/recognizing-defects-in-boxes-and-cardboard,dent:9,,,,,,,,,,,pending,,,
real_redf0xwin_0098,data/real/source/redf0xwin_recognizing_defects_in_boxes_and_cardboard/images/0098.jpg,kaggle:redf0xwin/recognizing-defects-in-boxes-and-cardboard,dent:14;hole:1,,,,,,,,,,,pending,,,
real_redf0xwin_0099,data/real/source/redf0xwin_recognizing_defects_in_boxes_and_cardboard/images/0099.jpg,kaggle:redf0xwin/recognizing-defects-in-boxes-and-cardboard,dent:8;hole:2,,,,,,,,,,,pending,,,
real_redf0xwin_0100,data/real/source/redf0xwin_recognizing_defects_in_boxes_and_cardboard/images/0100.jpg,kaggle:redf0xwin/recognizing-defects-in-boxes-and-cardboard,dent:9;dirt:4,,,,,,,,,,,pending,,,
real_redf0xwin_0101,data/real/source/redf0xwin_recognizing_defects_in_boxes_and_cardboard/images/0101.jpg,kaggle:redf0xwin/recognizing-defects-in-boxes-and-cardboard,dent:6;hole:1,,,,,,,,,,,pending,,,
real_redf0xwin_0102,data/real/source/redf0xwin_recognizing_defects_in_boxes_and_cardboard/images/0102.jpg,kaggle:redf0xwin/recognizing-defects-in-boxes-and-cardboard,dent:17;hole:1,,,,,,,,,,,pending,,,
real_redf0xwin_0103,data/real/source/redf0xwin_recognizing_defects_in_boxes_and_cardboard/images/0103.jpg,kaggle:redf0xwin/recognizing-defects-in-boxes-and-cardboard,dent:6,,,,,,,,,,,pending,,,
real_redf0xwin_0104,data/real/source/redf0xwin_recognizing_defects_in_boxes_and_cardboard/images/0104.jpg,kaggle:redf0xwin/recognizing-defects-in-boxes-and-cardboard,dent:7;hole:1,,,,,,,,,,,pending,,,
real_redf0xwin_0105,data/real/source/redf0xwin_recognizing_defects_in_boxes_and_cardboard/images/0105.jpg,kaggle:redf0xwin/recognizing-defects-in-boxes-and-cardboard,dent:4;hole:4,,,,,,,,,,,pending,,,
real_redf0xwin_0106,data/real/source/redf0xwin_recognizing_defects_in_boxes_and_cardboard/images/0106.jpg,kaggle:redf0xwin/recognizing-defects-in-boxes-and-cardboard,dent:16,,,,,,,,,,,pending,,,
real_redf0xwin_0107,data/real/source/redf0xwin_recognizing_defects_in_boxes_and_cardboard/images/0107.jpg,kaggle:redf0xwin/recognizing-defects-in-boxes-and-cardboard,dent:22;hole:1,,,,,,,,,,,pending,,,
real_redf0xwin_0108,data/real/source/redf0xwin_recognizing_defects_in_boxes_and_cardboard/images/0108.jpg,kaggle:redf0xwin/recognizing-defects-in-boxes-and-cardboard,dent:22;hole:2,,,,,,,,,,,pending,,,
real_redf0xwin_0109,data/real/source/redf0xwin_recognizing_defects_in_boxes_and_cardboard/images/0109.jpg,kaggle:redf0xwin/recognizing-defects-in-boxes-and-cardboard,dent:18,,,,,,,,,,,pending,,,
real_redf0xwin_0110,data/real/source/redf0xwin_recognizing_defects_in_boxes_and_cardboard/images/0110.jpg,kaggle:redf0xwin/recognizing-defects-in-boxes-and-cardboard,dent:22;hole:3,,,,,,,,,,,pending,,,
real_redf0xwin_0111,data/real/source/redf0xwin_recognizing_defects_in_boxes_and_cardboard/images/0111.jpg,kaggle:redf0xwin/recognizing-defects-in-boxes-and-cardboard,dent:22;hole:1,,,,,,,,,,,pending,,,
real_redf0xwin_0112,data/real/source/redf0xwin_recognizing_defects_in_boxes_and_cardboard/images/0112.jpg,kaggle:redf0xwin/recognizing-defects-in-boxes-and-cardboard,dent:11;hole:1,,,,,,,,,,,pending,,,
real_redf0xwin_0113,data/real/source/redf0xwin_recognizing_defects_in_boxes_and_cardboard/images/0113.jpg,kaggle:redf0xwin/recognizing-defects-in-boxes-and-cardboard,dent:6;hole:1,,,,,,,,,,,pending,,,
real_redf0xwin_0114,data/real/source/redf0xwin_recognizing_defects_in_boxes_and_cardboard/images/0114.jpg,kaggle:redf0xwin/recognizing-defects-in-boxes-and-cardboard,dent:17,,,,,,,,,,,pending,,,
real_redf0xwin_0115,data/real/source/redf0xwin_recognizing_defects_in_boxes_and_cardboard/images/0115.jpg,kaggle:redf0xwin/recognizing-defects-in-boxes-and-cardboard,dent:34,,,,,,,,,,,pending,,,
real_redf0xwin_0116,data/real/source/redf0xwin_recognizing_defects_in_boxes_and_cardboard/images/0116.jpg,kaggle:redf0xwin/recognizing-defects-in-boxes-and-cardboard,dent:13;hole:1,,,,,,,,,,,pending,,,
real_redf0xwin_0117,data/real/source/redf0xwin_recognizing_defects_in_boxes_and_cardboard/images/0117.jpg,kaggle:redf0xwin/recognizing-defects-in-boxes-and-cardboard,dent:13;hole:9,,,,,,,,,,,pending,,,
real_redf0xwin_0118,data/real/source/redf0xwin_recognizing_defects_in_boxes_and_cardboard/images/0118.jpg,kaggle:redf0xwin/recognizing-defects-in-boxes-and-cardboard,dent:10,,,,,,,,,,,pending,,,
real_redf0xwin_0119,data/real/source/redf0xwin_recognizing_defects_in_boxes_and_cardboard/images/0119.jpg,kaggle:redf0xwin/recognizing-defects-in-boxes-and-cardboard,dent:2,,,,,,,,,,,pending,,,
real_redf0xwin_0120,data/real/source/redf0xwin_recognizing_defects_in_boxes_and_cardboard/images/0120.jpg,kaggle:redf0xwin/recognizing-defects-in-boxes-and-cardboard,dent:5,,,,,,,,,,,pending,,,
real_redf0xwin_0121,data/real/source/redf0xwin_recognizing_defects_in_boxes_and_cardboard/images/0121.jpg,kaggle:redf0xwin/recognizing-defects-in-boxes-and-cardboard,dent:13,,,,,,,,,,,pending,,,
real_redf0xwin_0122,data/real/source/redf0xwin_recognizing_defects_in_boxes_and_cardboard/images/0122.jpg,kaggle:redf0xwin/recognizing-defects-in-boxes-and-cardboard,dent:22;hole:2,,,,,,,,,,,pending,,,
real_redf0xwin_0123,data/real/source/redf0xwin_recognizing_defects_in_boxes_and_cardboard/images/0123.jpg,kaggle:redf0xwin/recognizing-defects-in-boxes-and-cardboard,dent:17,,,,,,,,,,,pending,,,
real_redf0xwin_0124,data/real/source/redf0xwin_recognizing_defects_in_boxes_and_cardboard/images/0124.jpg,kaggle:redf0xwin/recognizing-defects-in-boxes-and-cardboard,dent:6;hole:4,,,,,,,,,,,pending,,,
real_redf0xwin_0125,data/real/source/redf0xwin_recognizing_defects_in_boxes_and_cardboard/images/0125.jpg,kaggle:redf0xwin/recognizing-defects-in-boxes-and-cardboard,dent:4,,,,,,,,,,,pending,,,
real_redf0xwin_0126,data/real/source/redf0xwin_recognizing_defects_in_boxes_and_cardboard/images/0126.jpg,kaggle:redf0xwin/recognizing-defects-in-boxes-and-cardboard,dent:25,,,,,,,,,,,pending,,,
real_redf0xwin_0127,data/real/source/redf0xwin_recognizing_defects_in_boxes_and_cardboard/images/0127.jpg,kaggle:redf0xwin/recognizing-defects-in-boxes-and-cardboard,dent:9,,,,,,,,,,,pending,,,
real_redf0xwin_0128,data/real/source/redf0xwin_recognizing_defects_in_boxes_and_cardboard/images/0128.jpg,kaggle:redf0xwin/recognizing-defects-in-boxes-and-cardboard,dent:6;hole:1,,,,,,,,,,,pending,,,
real_redf0xwin_0129,data/real/source/redf0xwin_recognizing_defects_in_boxes_and_cardboard/images/0129.jpg,kaggle:redf0xwin/recognizing-defects-in-boxes-and-cardboard,dent:17,,,,,,,,,,,pending,,,
real_redf0xwin_0130,data/real/source/redf0xwin_recognizing_defects_in_boxes_and_cardboard/images/0130.jpg,kaggle:redf0xwin/recognizing-defects-in-boxes-and-cardboard,dent:8,,,,,,,,,,,pending,,,
real_redf0xwin_0131,data/real/source/redf0xwin_recognizing_defects_in_boxes_and_cardboard/images/0131.jpg,kaggle:redf0xwin/recognizing-defects-in-boxes-and-cardboard,dent:14,,,,,,,,,,,pending,,,
real_redf0xwin_0132,data/real/source/redf0xwin_recognizing_defects_in_boxes_and_cardboard/images/0132.jpg,kaggle:redf0xwin/recognizing-defects-in-boxes-and-cardboard,dent:14,,,,,,,,,,,pending,,,
real_redf0xwin_0133,data/real/source/redf0xwin_recognizing_defects_in_boxes_and_cardboard/images/0133.jpg,kaggle:redf0xwin/recognizing-defects-in-boxes-and-cardboard,dent:15;hole:1,,,,,,,,,,,pending,,,
real_redf0xwin_0134,data/real/source/redf0xwin_recognizing_defects_in_boxes_and_cardboard/images/0134.jpg,kaggle:redf0xwin/recognizing-defects-in-boxes-and-cardboard,dent:30,,,,,,,,,,,pending,,,
real_redf0xwin_0135,data/real/source/redf0xwin_recognizing_defects_in_boxes_and_cardboard/images/0135.jpg,kaggle:redf0xwin/recognizing-defects-in-boxes-and-cardboard,dent:30;dirt:1,,,,,,,,,,,pending,,,
real_redf0xwin_0136,data/real/source/redf0xwin_recognizing_defects_in_boxes_and_cardboard/images/0136.jpg,kaggle:redf0xwin/recognizing-defects-in-boxes-and-cardboard,dent:8,,,,,,,,,,,pending,,,
real_redf0xwin_0137,data/real/source/redf0xwin_recognizing_defects_in_boxes_and_cardboard/images/0137.jpg,kaggle:redf0xwin/recognizing-defects-in-boxes-and-cardboard,dent:23,,,,,,,,,,,pending,,,
real_redf0xwin_0138,data/real/source/redf0xwin_recognizing_defects_in_boxes_and_cardboard/images/0138.jpg,kaggle:redf0xwin/recognizing-defects-in-boxes-and-cardboard,dent:12;dirt:6,,,,,,,,,,,pending,,,
real_redf0xwin_0139,data/real/source/redf0xwin_recognizing_defects_in_boxes_and_cardboard/images/0139.jpg,kaggle:redf0xwin/recognizing-defects-in-boxes-and-cardboard,dent:5,,,,,,,,,,,pending,,,
real_redf0xwin_0140,data/real/source/redf0xwin_recognizing_defects_in_boxes_and_cardboard/images/0140.jpg,kaggle:redf0xwin/recognizing-defects-in-boxes-and-cardboard,dent:12,,,,,,,,,,,pending,,,
real_redf0xwin_0141,data/real/source/redf0xwin_recognizing_defects_in_boxes_and_cardboard/images/0141.jpg,kaggle:redf0xwin/recognizing-defects-in-boxes-and-cardboard,dent:5;dirt:3;hole:2,,,,,,,,,,,pending,,,
real_redf0xwin_0142,data/real/source/redf0xwin_recognizing_defects_in_boxes_and_cardboard/images/0142.jpg,kaggle:redf0xwin/recognizing-defects-in-boxes-and-cardboard,dent:15,,,,,,,,,,,pending,,,
real_redf0xwin_0143,data/real/source/redf0xwin_recognizing_defects_in_boxes_and_cardboard/images/0143.jpg,kaggle:redf0xwin/recognizing-defects-in-boxes-and-cardboard,dent:15,,,,,,,,,,,pending,,,
real_redf0xwin_0144,data/real/source/redf0xwin_recognizing_defects_in_boxes_and_cardboard/images/0144.jpg,kaggle:redf0xwin/recognizing-defects-in-boxes-and-cardboard,dent:20;dirt:2;hole:1,,,,,,,,,,,pending,,,
real_redf0xwin_0145,data/real/source/redf0xwin_recognizing_defects_in_boxes_and_cardboard/images/0145.jpg,kaggle:redf0xwin/recognizing-defects-in-boxes-and-cardboard,dent:18;dirt:2;hole:2,,,,,,,,,,,pending,,,
real_redf0xwin_0146,data/real/source/redf0xwin_recognizing_defects_in_boxes_and_cardboard/images/0146.jpg,kaggle:redf0xwin/recognizing-defects-in-boxes-and-cardboard,dent:8;hole:1,,,,,,,,,,,pending,,,
real_redf0xwin_0147,data/real/source/redf0xwin_recognizing_defects_in_boxes_and_cardboard/images/0147.jpg,kaggle:redf0xwin/recognizing-defects-in-boxes-and-cardboard,dent:37;hole:3,,,,,,,,,,,pending,,,
real_redf0xwin_0148,data/real/source/redf0xwin_recognizing_defects_in_boxes_and_cardboard/images/0148.jpg,kaggle:redf0xwin/recognizing-defects-in-boxes-and-cardboard,dent:52,,,,,,,,,,,pending,,,
real_redf0xwin_0149,data/real/source/redf0xwin_recognizing_defects_in_boxes_and_cardboard/images/0149.jpg,kaggle:redf0xwin/recognizing-defects-in-boxes-and-cardboard,dent:18,,,,,,,,,,,pending,,,
real_redf0xwin_0150,data/real/source/redf0xwin_recognizing_defects_in_boxes_and_cardboard/images/0150.jpg,kaggle:redf0xwin/recognizing-defects-in-boxes-and-cardboard,dent:51;dirt:10;hole:2,,,,,,,,,,,pending,,,
real_redf0xwin_0151,data/real/source/redf0xwin_recognizing_defects_in_boxes_and_cardboard/images/0151.jpg,kaggle:redf0xwin/recognizing-defects-in-boxes-and-cardboard,dent:37;hole:1,,,,,,,,,,,pending,,,
real_redf0xwin_0152,data/real/source/redf0xwin_recognizing_defects_in_boxes_and_cardboard/images/0152.jpg,kaggle:redf0xwin/recognizing-defects-in-boxes-and-cardboard,dent:21;hole:2,,,,,,,,,,,pending,,,
real_redf0xwin_0153,data/real/source/redf0xwin_recognizing_defects_in_boxes_and_cardboard/images/0153.jpg,kaggle:redf0xwin/recognizing-defects-in-boxes-and-cardboard,dent:16;hole:2,,,,,,,,,,,pending,,,
real_redf0xwin_0154,data/real/source/redf0xwin_recognizing_defects_in_boxes_and_cardboard/images/0154.jpg,kaggle:redf0xwin/recognizing-defects-in-boxes-and-cardboard,dent:41;hole:6,,,,,,,,,,,pending,,,
real_redf0xwin_0155,data/real/source/redf0xwin_recognizing_defects_in_boxes_and_cardboard/images/0155.jpg,kaggle:redf0xwin/recognizing-defects-in-boxes-and-cardboard,dent:25;dirt:8;hole:1,,,,,,,,,,,pending,,,
real_redf0xwin_0156,data/real/source/redf0xwin_recognizing_defects_in_boxes_and_cardboard/images/0156.jpg,kaggle:redf0xwin/recognizing-defects-in-boxes-and-cardboard,dent:21,,,,,,,,,,,pending,,,
real_redf0xwin_0157,data/real/source/redf0xwin_recognizing_defects_in_boxes_and_cardboard/images/0157.jpg,kaggle:redf0xwin/recognizing-defects-in-boxes-and-cardboard,dent:44;hole:4,,,,,,,,,,,pending,,,
real_redf0xwin_0158,data/real/source/redf0xwin_recognizing_defects_in_boxes_and_cardboard/images/0158.jpg,kaggle:redf0xwin/recognizing-defects-in-boxes-and-cardboard,dent:14;hole:1,,,,,,,,,,,pending,,,
real_redf0xwin_0159,data/real/source/redf0xwin_recognizing_defects_in_boxes_and_cardboard/images/0159.jpg,kaggle:redf0xwin/recognizing-defects-in-boxes-and-cardboard,dent:7,,,,,,,,,,,pending,,,
real_redf0xwin_0160,data/real/source/redf0xwin_recognizing_defects_in_boxes_and_cardboard/images/0160.jpg,kaggle:redf0xwin/recognizing-defects-in-boxes-and-cardboard,dent:48,,,,,,,,,,,pending,,,
real_redf0xwin_0161,data/real/source/redf0xwin_recognizing_defects_in_boxes_and_cardboard/images/0161.jpg,kaggle:redf0xwin/recognizing-defects-in-boxes-and-cardboard,dent:18;dirt:1,,,,,,,,,,,pending,,,
real_redf0xwin_0162,data/real/source/redf0xwin_recognizing_defects_in_boxes_and_cardboard/images/0162.jpg,kaggle:redf0xwin/recognizing-defects-in-boxes-and-cardboard,dent:32,,,,,,,,,,,pending,,,
real_redf0xwin_0163,data/real/source/redf0xwin_recognizing_defects_in_boxes_and_cardboard/images/0163.jpg,kaggle:redf0xwin/recognizing-defects-in-boxes-and-cardboard,dent:17;dirt:1,,,,,,,,,,,pending,,,
real_redf0xwin_0164,data/real/source/redf0xwin_recognizing_defects_in_boxes_and_cardboard/images/0164.jpg,kaggle:redf0xwin/recognizing-defects-in-boxes-and-cardboard,dent:28;dirt:1,,,,,,,,,,,pending,,,
real_redf0xwin_0165,data/real/source/redf0xwin_recognizing_defects_in_boxes_and_cardboard/images/0165.jpg,kaggle:redf0xwin/recognizing-defects-in-boxes-and-cardboard,dent:24,,,,,,,,,,,pending,,,
real_redf0xwin_0166,data/real/source/redf0xwin_recognizing_defects_in_boxes_and_cardboard/images/0166.jpg,kaggle:redf0xwin/recognizing-defects-in-boxes-and-cardboard,dent:17,,,,,,,,,,,pending,,,
real_redf0xwin_0167,data/real/source/redf0xwin_recognizing_defects_in_boxes_and_cardboard/images/0167.jpg,kaggle:redf0xwin/recognizing-defects-in-boxes-and-cardboard,dent:34;hole:1,,,,,,,,,,,pending,,,
real_redf0xwin_0168,data/real/source/redf0xwin_recognizing_defects_in_boxes_and_cardboard/images/0168.jpg,kaggle:redf0xwin/recognizing-defects-in-boxes-and-cardboard,dent:43;dirt:17,,,,,,,,,,,pending,,,
real_redf0xwin_0169,data/real/source/redf0xwin_recognizing_defects_in_boxes_and_cardboard/images/0169.jpg,kaggle:redf0xwin/recognizing-defects-in-boxes-and-cardboard,dent:18,,,,,,,,,,,pending,,,
real_redf0xwin_0170,data/real/source/redf0xwin_recognizing_defects_in_boxes_and_cardboard/images/0170.jpg,kaggle:redf0xwin/recognizing-defects-in-boxes-and-cardboard,dent:11,,,,,,,,,,,pending,,,
real_redf0xwin_0171,data/real/source/redf0xwin_recognizing_defects_in_boxes_and_cardboard/images/0171.jpg,kaggle:redf0xwin/recognizing-defects-in-boxes-and-cardboard,dent:22;hole:2,,,,,,,,,,,pending,,,
real_redf0xwin_0172,data/real/source/redf0xwin_recognizing_defects_in_boxes_and_cardboard/images/0172.jpg,kaggle:redf0xwin/recognizing-defects-in-boxes-and-cardboard,dent:20,,,,,,,,,,,pending,,,
real_redf0xwin_0173,data/real/source/redf0xwin_recognizing_defects_in_boxes_and_cardboard/images/0173.jpg,kaggle:redf0xwin/recognizing-defects-in-boxes-and-cardboard,dent:19,,,,,,,,,,,pending,,,
real_redf0xwin_0174,data/real/source/redf0xwin_recognizing_defects_in_boxes_and_cardboard/images/0174.jpg,kaggle:redf0xwin/recognizing-defects-in-boxes-and-cardboard,dent:46;hole:1,,,,,,,,,,,pending,,,
real_redf0xwin_0175,data/real/source/redf0xwin_recognizing_defects_in_boxes_and_cardboard/images/0175.jpg,kaggle:redf0xwin/recognizing-defects-in-boxes-and-cardboard,dent:31,,,,,,,,,,,pending,,,
real_redf0xwin_0176,data/real/source/redf0xwin_recognizing_defects_in_boxes_and_cardboard/images/0176.jpg,kaggle:redf0xwin/recognizing-defects-in-boxes-and-cardboard,dent:20;dirt:6;hole:1,,,,,,,,,,,pending,,,
real_redf0xwin_0177,data/real/source/redf0xwin_recognizing_defects_in_boxes_and_cardboard/images/0177.jpg,kaggle:redf0xwin/recognizing-defects-in-boxes-and-cardboard,dent:25;dirt:20;hole:5,,,,,,,,,,,pending,,,
real_redf0xwin_0178,data/real/source/redf0xwin_recognizing_defects_in_boxes_and_cardboard/images/0178.jpg,kaggle:redf0xwin/recognizing-defects-in-boxes-and-cardboard,dent:14;dirt:1;hole:1,,,,,,,,,,,pending,,,
real_redf0xwin_0179,data/real/source/redf0xwin_recognizing_defects_in_boxes_and_cardboard/images/0179.jpg,kaggle:redf0xwin/recognizing-defects-in-boxes-and-cardboard,dent:13;hole:1,,,,,,,,,,,pending,,,
real_redf0xwin_0180,data/real/source/redf0xwin_recognizing_defects_in_boxes_and_cardboard/images/0180.jpg,kaggle:redf0xwin/recognizing-defects-in-boxes-and-cardboard,dent:2,,,,,,,,,,,pending,,,
real_redf0xwin_0181,data/real/source/redf0xwin_recognizing_defects_in_boxes_and_cardboard/images/0181.jpg,kaggle:redf0xwin/recognizing-defects-in-boxes-and-cardboard,dent:10;dirt:1,,,,,,,,,,,pending,,,
real_redf0xwin_0182,data/real/source/redf0xwin_recognizing_defects_in_boxes_and_cardboard/images/0182.jpg,kaggle:redf0xwin/recognizing-defects-in-boxes-and-cardboard,dent:26;hole:1,,,,,,,,,,,pending,,,
real_redf0xwin_0183,data/real/source/redf0xwin_recognizing_defects_in_boxes_and_cardboard/images/0183.jpg,kaggle:redf0xwin/recognizing-defects-in-boxes-and-cardboard,dent:8,,,,,,,,,,,pending,,,
real_redf0xwin_0184,data/real/source/redf0xwin_recognizing_defects_in_boxes_and_cardboard/images/0184.jpg,kaggle:redf0xwin/recognizing-defects-in-boxes-and-cardboard,dent:14,,,,,,,,,,,pending,,,
real_redf0xwin_0185,data/real/source/redf0xwin_recognizing_defects_in_boxes_and_cardboard/images/0185.jpg,kaggle:redf0xwin/recognizing-defects-in-boxes-and-cardboard,dent:22;dirt:7,,,,,,,,,,,pending,,,
real_redf0xwin_0186,data/real/source/redf0xwin_recognizing_defects_in_boxes_and_cardboard/images/0186.jpg,kaggle:redf0xwin/recognizing-defects-in-boxes-and-cardboard,dent:12;hole:2,,,,,,,,,,,pending,,,
real_redf0xwin_0187,data/real/source/redf0xwin_recognizing_defects_in_boxes_and_cardboard/images/0187.jpg,kaggle:redf0xwin/recognizing-defects-in-boxes-and-cardboard,dent:14;dirt:9;hole:2,,,,,,,,,,,pending,,,
real_redf0xwin_0188,data/real/source/redf0xwin_recognizing_defects_in_boxes_and_cardboard/images/0188.jpg,kaggle:redf0xwin/recognizing-defects-in-boxes-and-cardboard,dent:16,,,,,,,,,,,pending,,,
real_redf0xwin_0189,data/real/source/redf0xwin_recognizing_defects_in_boxes_and_cardboard/images/0189.jpg,kaggle:redf0xwin/recognizing-defects-in-boxes-and-cardboard,dent:12;dirt:7,,,,,,,,,,,pending,,,
real_redf0xwin_0190,data/real/source/redf0xwin_recognizing_defects_in_boxes_and_cardboard/images/0190.jpg,kaggle:redf0xwin/recognizing-defects-in-boxes-and-cardboard,dent:21,,,,,,,,,,,pending,,,
real_redf0xwin_0191,data/real/source/redf0xwin_recognizing_defects_in_boxes_and_cardboard/images/0191.jpg,kaggle:redf0xwin/recognizing-defects-in-boxes-and-cardboard,dent:29;dirt:4;hole:3,,,,,,,,,,,pending,,,
real_redf0xwin_0192,data/real/source/redf0xwin_recognizing_defects_in_boxes_and_cardboard/images/0192.jpg,kaggle:redf0xwin/recognizing-defects-in-boxes-and-cardboard,dent:31;hole:1,,,,,,,,,,,pending,,,
real_redf0xwin_0193,data/real/source/redf0xwin_recognizing_defects_in_boxes_and_cardboard/images/0193.jpg,kaggle:redf0xwin/recognizing-defects-in-boxes-and-cardboard,dent:41;dirt:3;hole:1,,,,,,,,,,,pending,,,
real_redf0xwin_0194,data/real/source/redf0xwin_recognizing_defects_in_boxes_and_cardboard/images/0194.jpg,kaggle:redf0xwin/recognizing-defects-in-boxes-and-cardboard,dent:34;hole:1,,,,,,,,,,,pending,,,
real_redf0xwin_0195,data/real/source/redf0xwin_recognizing_defects_in_boxes_and_cardboard/images/0195.jpg,kaggle:redf0xwin/recognizing-defects-in-boxes-and-cardboard,dent:17,,,,,,,,,,,pending,,,
real_redf0xwin_0196,data/real/source/redf0xwin_recognizing_defects_in_boxes_and_cardboard/images/0196.jpg,kaggle:redf0xwin/recognizing-defects-in-boxes-and-cardboard,dent:17,,,,,,,,,,,pending,,,
real_redf0xwin_0197,data/real/source/redf0xwin_recognizing_defects_in_boxes_and_cardboard/images/0197.jpg,kaggle:redf0xwin/recognizing-defects-in-boxes-and-cardboard,dent:7;dirt:3;hole:2,,,,,,,,,,,pending,,,
real_redf0xwin_0198,data/real/source/redf0xwin_recognizing_defects_in_boxes_and_cardboard/images/0198.jpg,kaggle:redf0xwin/recognizing-defects-in-boxes-and-cardboard,dent:6,,,,,,,,,,,pending,,,
real_redf0xwin_0199,data/real/source/redf0xwin_recognizing_defects_in_boxes_and_cardboard/images/0199.jpg,kaggle:redf0xwin/recognizing-defects-in-boxes-and-cardboard,dent:20;hole:1,,,,,,,,,,,pending,,,
real_redf0xwin_0200,data/real/source/redf0xwin_recognizing_defects_in_boxes_and_cardboard/images/0200.jpg,kaggle:redf0xwin/recognizing-defects-in-boxes-and-cardboard,dent:15,,,,,,,,,,,pending,,,
real_redf0xwin_0201,data/real/source/redf0xwin_recognizing_defects_in_boxes_and_cardboard/images/0201.jpg,kaggle:redf0xwin/recognizing-defects-in-boxes-and-cardboard,dent:12;dirt:2;hole:1,,,,,,,,,,,pending,,,
real_redf0xwin_0202,data/real/source/redf0xwin_recognizing_defects_in_boxes_and_cardboard/images/0202.jpg,kaggle:redf0xwin/recognizing-defects-in-boxes-and-cardboard,dent:30;hole:1,,,,,,,,,,,pending,,,
real_redf0xwin_0203,data/real/source/redf0xwin_recognizing_defects_in_boxes_and_cardboard/images/0203.jpg,kaggle:redf0xwin/recognizing-defects-in-boxes-and-cardboard,dent:23,,,,,,,,,,,pending,,,
real_redf0xwin_0204,data/real/source/redf0xwin_recognizing_defects_in_boxes_and_cardboard/images/0204.jpg,kaggle:redf0xwin/recognizing-defects-in-boxes-and-cardboard,dent:5;dirt:1,,,,,,,,,,,pending,,,
real_redf0xwin_0205,data/real/source/redf0xwin_recognizing_defects_in_boxes_and_cardboard/images/0205.jpg,kaggle:redf0xwin/recognizing-defects-in-boxes-and-cardboard,dent:19,,,,,,,,,,,pending,,,
real_redf0xwin_0206,data/real/source/redf0xwin_recognizing_defects_in_boxes_and_cardboard/images/0206.jpg,kaggle:redf0xwin/recognizing-defects-in-boxes-and-cardboard,dent:6,,,,,,,,,,,pending,,,
real_redf0xwin_0207,data/real/source/redf0xwin_recognizing_defects_in_boxes_and_cardboard/images/0207.jpg,kaggle:redf0xwin/recognizing-defects-in-boxes-and-cardboard,dent:38;dirt:2,,,,,,,,,,,pending,,,
real_redf0xwin_0208,data/real/source/redf0xwin_recognizing_defects_in_boxes_and_cardboard/images/0208.jpg,kaggle:redf0xwin/recognizing-defects-in-boxes-and-cardboard,dent:18,,,,,,,,,,,pending,,,
real_redf0xwin_0209,data/real/source/redf0xwin_recognizing_defects_in_boxes_and_cardboard/images/0209.jpg,kaggle:redf0xwin/recognizing-defects-in-boxes-and-cardboard,dent:24;dirt:8;hole:1,,,,,,,,,,,pending,,,
real_redf0xwin_0210,data/real/source/redf0xwin_recognizing_defects_in_boxes_and_cardboard/images/0210.jpg,kaggle:redf0xwin/recognizing-defects-in-boxes-and-cardboard,dent:27;hole:2,,,,,,,,,,,pending,,,
real_redf0xwin_0211,data/real/source/redf0xwin_recognizing_defects_in_boxes_and_cardboard/images/0211.jpg,kaggle:redf0xwin/recognizing-defects-in-boxes-and-cardboard,dent:42;hole:7,,,,,,,,,,,pending,,,
real_redf0xwin_0212,data/real/source/redf0xwin_recognizing_defects_in_boxes_and_cardboard/images/0212.jpg,kaggle:redf0xwin/recognizing-defects-in-boxes-and-cardboard,dent:19;dirt:1,,,,,,,,,,,pending,,,
real_redf0xwin_0213,data/real/source/redf0xwin_recognizing_defects_in_boxes_and_cardboard/images/0213.jpg,kaggle:redf0xwin/recognizing-defects-in-boxes-and-cardboard,dent:21;dirt:9;hole:2,,,,,,,,,,,pending,,,
real_redf0xwin_0214,data/real/source/redf0xwin_recognizing_defects_in_boxes_and_cardboard/images/0214.jpg,kaggle:redf0xwin/recognizing-defects-in-boxes-and-cardboard,dent:17,,,,,,,,,,,pending,,,
real_redf0xwin_0215,data/real/source/redf0xwin_recognizing_defects_in_boxes_and_cardboard/images/0215.jpg,kaggle:redf0xwin/recognizing-defects-in-boxes-and-cardboard,dent:18,,,,,,,,,,,pending,,,
real_redf0xwin_0216,data/real/source/redf0xwin_recognizing_defects_in_boxes_and_cardboard/images/0216.jpg,kaggle:redf0xwin/recognizing-defects-in-boxes-and-cardboard,dent:7,,,,,,,,,,,pending,,,
real_redf0xwin_0217,data/real/source/redf0xwin_recognizing_defects_in_boxes_and_cardboard/images/0217.jpg,kaggle:redf0xwin/recognizing-defects-in-boxes-and-cardboard,dent:24,,,,,,,,,,,pending,,,
real_redf0xwin_0218,data/real/source/redf0xwin_recognizing_defects_in_boxes_and_cardboard/images/0218.jpg,kaggle:redf0xwin/recognizing-defects-in-boxes-and-cardboard,dent:20;hole:2,,,,,,,,,,,pending,,,
real_redf0xwin_0219,data/real/source/redf0xwin_recognizing_defects_in_boxes_and_cardboard/images/0219.jpg,kaggle:redf0xwin/recognizing-defects-in-boxes-and-cardboard,dent:26,,,,,,,,,,,pending,,,
real_redf0xwin_0220,data/real/source/redf0xwin_recognizing_defects_in_boxes_and_cardboard/images/0220.jpg,kaggle:redf0xwin/recognizing-defects-in-boxes-and-cardboard,dent:48;dirt:1;hole:1,,,,,,,,,,,pending,,,
real_redf0xwin_0221,data/real/source/redf0xwin_recognizing_defects_in_boxes_and_cardboard/images/0221.jpg,kaggle:redf0xwin/recognizing-defects-in-boxes-and-cardboard,dent:30,,,,,,,,,,,pending,,,
real_redf0xwin_0222,data/real/source/redf0xwin_recognizing_defects_in_boxes_and_cardboard/images/0222.jpg,kaggle:redf0xwin/recognizing-defects-in-boxes-and-cardboard,dent:25,,,,,,,,,,,pending,,,
real_redf0xwin_0223,data/real/source/redf0xwin_recognizing_defects_in_boxes_and_cardboard/images/0223.jpg,kaggle:redf0xwin/recognizing-defects-in-boxes-and-cardboard,dent:9,,,,,,,,,,,pending,,,
real_redf0xwin_0224,data/real/source/redf0xwin_recognizing_defects_in_boxes_and_cardboard/images/0224.jpg,kaggle:redf0xwin/recognizing-defects-in-boxes-and-cardboard,dent:8,,,,,,,,,,,pending,,,
real_redf0xwin_0225,data/real/source/redf0xwin_recognizing_defects_in_boxes_and_cardboard/images/0225.jpg,kaggle:redf0xwin/recognizing-defects-in-boxes-and-cardboard,dent:40;dirt:20;hole:1,,,,,,,,,,,pending,,,
real_redf0xwin_0226,data/real/source/redf0xwin_recognizing_defects_in_boxes_and_cardboard/images/0226.jpg,kaggle:redf0xwin/recognizing-defects-in-boxes-and-cardboard,dent:17,,,,,,,,,,,pending,,,
real_redf0xwin_0227,data/real/source/redf0xwin_recognizing_defects_in_boxes_and_cardboard/images/0227.jpg,kaggle:redf0xwin/recognizing-defects-in-boxes-and-cardboard,dent:24;dirt:1,,,,,,,,,,,pending,,,
real_redf0xwin_0228,data/real/source/redf0xwin_recognizing_defects_in_boxes_and_cardboard/images/0228.jpg,kaggle:redf0xwin/recognizing-defects-in-boxes-and-cardboard,dent:7,,,,,,,,,,,pending,,,
real_redf0xwin_0229,data/real/source/redf0xwin_recognizing_defects_in_boxes_and_cardboard/images/0229.jpg,kaggle:redf0xwin/recognizing-defects-in-boxes-and-cardboard,dent:12,,,,,,,,,,,pending,,,
real_redf0xwin_0230,data/real/source/redf0xwin_recognizing_defects_in_boxes_and_cardboard/images/0230.jpg,kaggle:redf0xwin/recognizing-defects-in-boxes-and-cardboard,dent:51;hole:5,,,,,,,,,,,pending,,,
real_redf0xwin_0231,data/real/source/redf0xwin_recognizing_defects_in_boxes_and_cardboard/images/0231.jpg,kaggle:redf0xwin/recognizing-defects-in-boxes-and-cardboard,dent:12;dirt:6,,,,,,,,,,,pending,,,
real_redf0xwin_0232,data/real/source/redf0xwin_recognizing_defects_in_boxes_and_cardboard/images/0232.jpg,kaggle:redf0xwin/recognizing-defects-in-boxes-and-cardboard,dent:17,,,,,,,,,,,pending,,,
real_redf0xwin_0233,data/real/source/redf0xwin_recognizing_defects_in_boxes_and_cardboard/images/0233.jpg,kaggle:redf0xwin/recognizing-defects-in-boxes-and-cardboard,dent:15;dirt:1;hole:3,,,,,,,,,,,pending,,,
real_redf0xwin_0234,data/real/source/redf0xwin_recognizing_defects_in_boxes_and_cardboard/images/0234.jpg,kaggle:redf0xwin/recognizing-defects-in-boxes-and-cardboard,dent:21;hole:1,,,,,,,,,,,pending,,,
real_redf0xwin_0235,data/real/source/redf0xwin_recognizing_defects_in_boxes_and_cardboard/images/0235.jpg,kaggle:redf0xwin/recognizing-defects-in-boxes-and-cardboard,dent:43;hole:7,,,,,,,,,,,pending,,,
real_redf0xwin_0236,data/real/source/redf0xwin_recognizing_defects_in_boxes_and_cardboard/images/0236.jpg,kaggle:redf0xwin/recognizing-defects-in-boxes-and-cardboard,dent:17;hole:1,,,,,,,,,,,pending,,,
real_redf0xwin_0237,data/real/source/redf0xwin_recognizing_defects_in_boxes_and_cardboard/images/0237.jpg,kaggle:redf0xwin/recognizing-defects-in-boxes-and-cardboard,dent:21,,,,,,,,,,,pending,,,
real_redf0xwin_0238,data/real/source/redf0xwin_recognizing_defects_in_boxes_and_cardboard/images/0238.jpg,kaggle:redf0xwin/recognizing-defects-in-boxes-and-cardboard,dent:24;hole:1,,,,,,,,,,,pending,,,
real_redf0xwin_0239,data/real/source/redf0xwin_recognizing_defects_in_boxes_and_cardboard/images/0239.jpg,kaggle:redf0xwin/recognizing-defects-in-boxes-and-cardboard,dent:43;dirt:5;hole:10,,,,,,,,,,,pending,,,
real_redf0xwin_0240,data/real/source/redf0xwin_recognizing_defects_in_boxes_and_cardboard/images/0240.jpg,kaggle:redf0xwin/recognizing-defects-in-boxes-and-cardboard,dent:29;dirt:2;hole:2,,,,,,,,,,,pending,,,
real_redf0xwin_0241,data/real/source/redf0xwin_recognizing_defects_in_boxes_and_cardboard/images/0241.jpg,kaggle:redf0xwin/recognizing-defects-in-boxes-and-cardboard,dent:39;hole:4,,,,,,,,,,,pending,,,
real_redf0xwin_0242,data/real/source/redf0xwin_recognizing_defects_in_boxes_and_cardboard/images/0242.jpg,kaggle:redf0xwin/recognizing-defects-in-boxes-and-cardboard,dent:58;hole:5,,,,,,,,,,,pending,,,
real_redf0xwin_0243,data/real/source/redf0xwin_recognizing_defects_in_boxes_and_cardboard/images/0243.jpg,kaggle:redf0xwin/recognizing-defects-in-boxes-and-cardboard,dent:23;hole:4,,,,,,,,,,,pending,,,
real_redf0xwin_0244,data/real/source/redf0xwin_recognizing_defects_in_boxes_and_cardboard/images/0244.jpg,kaggle:redf0xwin/recognizing-defects-in-boxes-and-cardboard,dent:13;dirt:1;hole:3,,,,,,,,,,,pending,,,
real_redf0xwin_0245,data/real/source/redf0xwin_recognizing_defects_in_boxes_and_cardboard/images/0245.jpg,kaggle:redf0xwin/recognizing-defects-in-boxes-and-cardboard,dent:28;dirt:5;hole:5,,,,,,,,,,,pending,,,
real_redf0xwin_0246,data/real/source/redf0xwin_recognizing_defects_in_boxes_and_cardboard/images/0246.jpg,kaggle:redf0xwin/recognizing-defects-in-boxes-and-cardboard,dent:37;hole:1,,,,,,,,,,,pending,,,
real_redf0xwin_0247,data/real/source/redf0xwin_recognizing_defects_in_boxes_and_cardboard/images/0247.jpg,kaggle:redf0xwin/recognizing-defects-in-boxes-and-cardboard,dent:32;hole:3,,,,,,,,,,,pending,,,
real_redf0xwin_0248,data/real/source/redf0xwin_recognizing_defects_in_boxes_and_cardboard/images/0248.jpg,kaggle:redf0xwin/recognizing-defects-in-boxes-and-cardboard,dent:13;dirt:4,,,,,,,,,,,pending,,,
real_redf0xwin_0249,data/real/source/redf0xwin_recognizing_defects_in_boxes_and_cardboard/images/0249.jpg,kaggle:redf0xwin/recognizing-defects-in-boxes-and-cardboard,dent:24;dirt:13,,,,,,,,,,,pending,,,
real_redf0xwin_0250,data/real/source/redf0xwin_recognizing_defects_in_boxes_and_cardboard/images/0250.jpg,kaggle:redf0xwin/recognizing-defects-in-boxes-and-cardboard,dent:27,,,,,,,,,,,pending,,,
real_redf0xwin_0251,data/real/source/redf0xwin_recognizing_defects_in_boxes_and_cardboard/images/0251.jpg,kaggle:redf0xwin/recognizing-defects-in-boxes-and-cardboard,dent:30;hole:5,,,,,,,,,,,pending,,,
real_redf0xwin_0252,data/real/source/redf0xwin_recognizing_defects_in_boxes_and_cardboard/images/0252.jpg,kaggle:redf0xwin/recognizing-defects-in-boxes-and-cardboard,dent:22;hole:1,,,,,,,,,,,pending,,,
real_redf0xwin_0253,data/real/source/redf0xwin_recognizing_defects_in_boxes_and_cardboard/images/0253.jpg,kaggle:redf0xwin/recognizing-defects-in-boxes-and-cardboard,dent:29;hole:4,,,,,,,,,,,pending,,,
real_redf0xwin_0254,data/real/source/redf0xwin_recognizing_defects_in_boxes_and_cardboard/images/0254.jpg,kaggle:redf0xwin/recognizing-defects-in-boxes-and-cardboard,dent:39;hole:4,,,,,,,,,,,pending,,,
real_redf0xwin_0255,data/real/source/redf0xwin_recognizing_defects_in_boxes_and_cardboard/images/0255.jpg,kaggle:redf0xwin/recognizing-defects-in-boxes-and-cardboard,dent:33,,,,,,,,,,,pending,,,
real_redf0xwin_0256,data/real/source/redf0xwin_recognizing_defects_in_boxes_and_cardboard/images/0256.jpg,kaggle:redf0xwin/recognizing-defects-in-boxes-and-cardboard,dent:37;dirt:1,,,,,,,,,,,pending,,,
real_redf0xwin_0257,data/real/source/redf0xwin_recognizing_defects_in_boxes_and_cardboard/images/0257.jpg,kaggle:redf0xwin/recognizing-defects-in-boxes-and-cardboard,dent:17;hole:3,,,,,,,,,,,pending,,,
real_redf0xwin_0258,data/real/source/redf0xwin_recognizing_defects_in_boxes_and_cardboard/images/0258.jpg,kaggle:redf0xwin/recognizing-defects-in-boxes-and-cardboard,dent:16;hole:1,,,,,,,,,,,pending,,,
real_redf0xwin_0259,data/real/source/redf0xwin_recognizing_defects_in_boxes_and_cardboard/images/0259.jpg,kaggle:redf0xwin/recognizing-defects-in-boxes-and-cardboard,dent:24;hole:3,,,,,,,,,,,pending,,,
real_redf0xwin_0260,data/real/source/redf0xwin_recognizing_defects_in_boxes_and_cardboard/images/0260.jpg,kaggle:redf0xwin/recognizing-defects-in-boxes-and-cardboard,dent:53;dirt:6,,,,,,,,,,,pending,,,
real_redf0xwin_0261,data/real/source/redf0xwin_recognizing_defects_in_boxes_and_cardboard/images/0261.jpg,kaggle:redf0xwin/recognizing-defects-in-boxes-and-cardboard,dent:37;hole:4,,,,,,,,,,,pending,,,
real_redf0xwin_0262,data/real/source/redf0xwin_recognizing_defects_in_boxes_and_cardboard/images/0262.jpg,kaggle:redf0xwin/recognizing-defects-in-boxes-and-cardboard,dent:113;hole:1,,,,,,,,,,,pending,,,
real_redf0xwin_0263,data/real/source/redf0xwin_recognizing_defects_in_boxes_and_cardboard/images/0263.jpg,kaggle:redf0xwin/recognizing-defects-in-boxes-and-cardboard,dent:113;hole:1,,,,,,,,,,,pending,,,
real_redf0xwin_0264,data/real/source/redf0xwin_recognizing_defects_in_boxes_and_cardboard/images/0264.jpg,kaggle:redf0xwin/recognizing-defects-in-boxes-and-cardboard,dent:58;dirt:32,,,,,,,,,,,pending,,,
real_redf0xwin_0265,data/real/source/redf0xwin_recognizing_defects_in_boxes_and_cardboard/images/0265.jpg,kaggle:redf0xwin/recognizing-defects-in-boxes-and-cardboard,dent:45,,,,,,,,,,,pending,,,
real_redf0xwin_0266,data/real/source/redf0xwin_recognizing_defects_in_boxes_and_cardboard/images/0266.jpg,kaggle:redf0xwin/recognizing-defects-in-boxes-and-cardboard,dent:25;hole:2,,,,,,,,,,,pending,,,
real_redf0xwin_0267,data/real/source/redf0xwin_recognizing_defects_in_boxes_and_cardboard/images/0267.jpg,kaggle:redf0xwin/recognizing-defects-in-boxes-and-cardboard,dent:48;dirt:2;hole:1,,,,,,,,,,,pending,,,
real_redf0xwin_0268,data/real/source/redf0xwin_recognizing_defects_in_boxes_and_cardboard/images/0268.jpg,kaggle:redf0xwin/recognizing-defects-in-boxes-and-cardboard,dent:87;dirt:2;hole:8,,,,,,,,,,,pending,,,
real_redf0xwin_0269,data/real/source/redf0xwin_recognizing_defects_in_boxes_and_cardboard/images/0269.jpg,kaggle:redf0xwin/recognizing-defects-in-boxes-and-cardboard,dent:13;hole:4,,,,,,,,,,,pending,,,
real_redf0xwin_0270,data/real/source/redf0xwin_recognizing_defects_in_boxes_and_cardboard/images/0270.jpg,kaggle:redf0xwin/recognizing-defects-in-boxes-and-cardboard,dent:59;hole:2,,,,,,,,,,,pending,,,
real_redf0xwin_0271,data/real/source/redf0xwin_recognizing_defects_in_boxes_and_cardboard/images/0271.jpg,kaggle:redf0xwin/recognizing-defects-in-boxes-and-cardboard,dent:21,,,,,,,,,,,pending,,,
real_redf0xwin_0272,data/real/source/redf0xwin_recognizing_defects_in_boxes_and_cardboard/images/0272.jpg,kaggle:redf0xwin/recognizing-defects-in-boxes-and-cardboard,dent:15;hole:4,,,,,,,,,,,pending,,,
real_redf0xwin_0273,data/real/source/redf0xwin_recognizing_defects_in_boxes_and_cardboard/images/0273.jpg,kaggle:redf0xwin/recognizing-defects-in-boxes-and-cardboard,dent:27;dirt:1;hole:2,,,,,,,,,,,pending,,,
real_redf0xwin_0274,data/real/source/redf0xwin_recognizing_defects_in_boxes_and_cardboard/images/0274.jpg,kaggle:redf0xwin/recognizing-defects-in-boxes-and-cardboard,dent:37;hole:1,,,,,,,,,,,pending,,,
real_redf0xwin_0275,data/real/source/redf0xwin_recognizing_defects_in_boxes_and_cardboard/images/0275.jpg,kaggle:redf0xwin/recognizing-defects-in-boxes-and-cardboard,dent:105;dirt:12;hole:7,,,,,,,,,,,pending,,,
real_redf0xwin_0276,data/real/source/redf0xwin_recognizing_defects_in_boxes_and_cardboard/images/0276.jpg,kaggle:redf0xwin/recognizing-defects-in-boxes-and-cardboard,dent:33;dirt:6;hole:8,,,,,,,,,,,pending,,,
real_redf0xwin_0277,data/real/source/redf0xwin_recognizing_defects_in_boxes_and_cardboard/images/0277.jpg,kaggle:redf0xwin/recognizing-defects-in-boxes-and-cardboard,dent:57;hole:7,,,,,,,,,,,pending,,,
real_redf0xwin_0278,data/real/source/redf0xwin_recognizing_defects_in_boxes_and_cardboard/images/0278.jpg,kaggle:redf0xwin/recognizing-defects-in-boxes-and-cardboard,dent:9;dirt:1;hole:4,,,,,,,,,,,pending,,,
real_redf0xwin_0279,data/real/source/redf0xwin_recognizing_defects_in_boxes_and_cardboard/images/0279.jpg,kaggle:redf0xwin/recognizing-defects-in-boxes-and-cardboard,dent:89;dirt:13;hole:2,,,,,,,,,,,pending,,,
real_redf0xwin_0280,data/real/source/redf0xwin_recognizing_defects_in_boxes_and_cardboard/images/0280.jpg,kaggle:redf0xwin/recognizing-defects-in-boxes-and-cardboard,dent:52;hole:2,,,,,,,,,,,pending,,,
real_redf0xwin_0281,data/real/source/redf0xwin_recognizing_defects_in_boxes_and_cardboard/images/0281.jpg,kaggle:redf0xwin/recognizing-defects-in-boxes-and-cardboard,dent:74;dirt:3;hole:3,,,,,,,,,,,pending,,,
real_redf0xwin_0282,data/real/source/redf0xwin_recognizing_defects_in_boxes_and_cardboard/images/0282.jpg,kaggle:redf0xwin/recognizing-defects-in-boxes-and-cardboard,dent:34;hole:1,,,,,,,,,,,pending,,,
real_redf0xwin_0283,data/real/source/redf0xwin_recognizing_defects_in_boxes_and_cardboard/images/0283.jpg,kaggle:redf0xwin/recognizing-defects-in-boxes-and-cardboard,dent:68;hole:4,,,,,,,,,,,pending,,,
real_redf0xwin_0284,data/real/source/redf0xwin_recognizing_defects_in_boxes_and_cardboard/images/0284.jpg,kaggle:redf0xwin/recognizing-defects-in-boxes-and-cardboard,dent:91;dirt:5;hole:1,,,,,,,,,,,pending,,,
real_redf0xwin_0285,data/real/source/redf0xwin_recognizing_defects_in_boxes_and_cardboard/images/0285.jpg,kaggle:redf0xwin/recognizing-defects-in-boxes-and-cardboard,dent:56;dirt:2;hole:2,,,,,,,,,,,pending,,,
real_redf0xwin_0286,data/real/source/redf0xwin_recognizing_defects_in_boxes_and_cardboard/images/0286.jpg,kaggle:redf0xwin/recognizing-defects-in-boxes-and-cardboard,dent:82;dirt:4,,,,,,,,,,,pending,,,
real_redf0xwin_0287,data/real/source/redf0xwin_recognizing_defects_in_boxes_and_cardboard/images/0287.jpg,kaggle:redf0xwin/recognizing-defects-in-boxes-and-cardboard,dent:49;dirt:2;hole:2,,,,,,,,,,,pending,,,
real_redf0xwin_0288,data/real/source/redf0xwin_recognizing_defects_in_boxes_and_cardboard/images/0288.jpg,kaggle:redf0xwin/recognizing-defects-in-boxes-and-cardboard,dent:49,,,,,,,,,,,pending,,,
real_redf0xwin_0289,data/real/source/redf0xwin_recognizing_defects_in_boxes_and_cardboard/images/0289.jpg,kaggle:redf0xwin/recognizing-defects-in-boxes-and-cardboard,dent:19,,,,,,,,,,,pending,,,
real_redf0xwin_0290,data/real/source/redf0xwin_recognizing_defects_in_boxes_and_cardboard/images/0290.jpg,kaggle:redf0xwin/recognizing-defects-in-boxes-and-cardboard,dent:96;hole:5,,,,,,,,,,,pending,,,
real_redf0xwin_0291,data/real/source/redf0xwin_recognizing_defects_in_boxes_and_cardboard/images/0291.jpg,kaggle:redf0xwin/recognizing-defects-in-boxes-and-cardboard,dent:53;hole:4,,,,,,,,,,,pending,,,
real_redf0xwin_0292,data/real/source/redf0xwin_recognizing_defects_in_boxes_and_cardboard/images/0292.jpg,kaggle:redf0xwin/recognizing-defects-in-boxes-and-cardboard,dent:51;hole:4,,,,,,,,,,,pending,,,
real_redf0xwin_0293,data/real/source/redf0xwin_recognizing_defects_in_boxes_and_cardboard/images/0293.jpg,kaggle:redf0xwin/recognizing-defects-in-boxes-and-cardboard,dent:92;dirt:6;hole:2,,,,,,,,,,,pending,,,
real_redf0xwin_0294,data/real/source/redf0xwin_recognizing_defects_in_boxes_and_cardboard/images/0294.jpg,kaggle:redf0xwin/recognizing-defects-in-boxes-and-cardboard,dent:26;dirt:3,,,,,,,,,,,pending,,,
real_redf0xwin_0295,data/real/source/redf0xwin_recognizing_defects_in_boxes_and_cardboard/images/0295.jpg,kaggle:redf0xwin/recognizing-defects-in-boxes-and-cardboard,dent:55;hole:1,,,,,,,,,,,pending,,,
real_redf0xwin_0296,data/real/source/redf0xwin_recognizing_defects_in_boxes_and_cardboard/images/0296.jpg,kaggle:redf0xwin/recognizing-defects-in-boxes-and-cardboard,dent:73;hole:2,,,,,,,,,,,pending,,,
real_redf0xwin_0297,data/real/source/redf0xwin_recognizing_defects_in_boxes_and_cardboard/images/0297.jpg,kaggle:redf0xwin/recognizing-defects-in-boxes-and-cardboard,dent:92;dirt:7;hole:4,,,,,,,,,,,pending,,,
real_redf0xwin_0298,data/real/source/redf0xwin_recognizing_defects_in_boxes_and_cardboard/images/0298.jpg,kaggle:redf0xwin/recognizing-defects-in-boxes-and-cardboard,dent:64;dirt:15,,,,,,,,,,,pending,,,
real_redf0xwin_0299,data/real/source/redf0xwin_recognizing_defects_in_boxes_and_cardboard/images/0299.jpg,kaggle:redf0xwin/recognizing-defects-in-boxes-and-cardboard,dent:109;hole:1,,,,,,,,,,,pending,,,
real_redf0xwin_0300,data/real/source/redf0xwin_recognizing_defects_in_boxes_and_cardboard/images/0300.jpg,kaggle:redf0xwin/recognizing-defects-in-boxes-and-cardboard,dent:90;hole:1,,,,,,,,,,,pending,,,
real_redf0xwin_0301,data/real/source/redf0xwin_recognizing_defects_in_boxes_and_cardboard/images/0301.jpg,kaggle:redf0xwin/recognizing-defects-in-boxes-and-cardboard,dent:57;dirt:6;hole:2,,,,,,,,,,,pending,,,
real_redf0xwin_0302,data/real/source/redf0xwin_recognizing_defects_in_boxes_and_cardboard/images/0302.jpg,kaggle:redf0xwin/recognizing-defects-in-boxes-and-cardboard,dent:126;dirt:5;hole:4,,,,,,,,,,,pending,,,
real_redf0xwin_0303,data/real/source/redf0xwin_recognizing_defects_in_boxes_and_cardboard/images/0303.jpg,kaggle:redf0xwin/recognizing-defects-in-boxes-and-cardboard,dent:63;hole:1,,,,,,,,,,,pending,,,
real_redf0xwin_0304,data/real/source/redf0xwin_recognizing_defects_in_boxes_and_cardboard/images/0304.jpg,kaggle:redf0xwin/recognizing-defects-in-boxes-and-cardboard,dent:35,,,,,,,,,,,pending,,,
real_redf0xwin_0305,data/real/source/redf0xwin_recognizing_defects_in_boxes_and_cardboard/images/0305.jpg,kaggle:redf0xwin/recognizing-defects-in-boxes-and-cardboard,dent:64;hole:3,,,,,,,,,,,pending,,,
real_redf0xwin_0306,data/real/source/redf0xwin_recognizing_defects_in_boxes_and_cardboard/images/0306.jpg,kaggle:redf0xwin/recognizing-defects-in-boxes-and-cardboard,dent:46;dirt:1,,,,,,,,,,,pending,,,
real_redf0xwin_0307,data/real/source/redf0xwin_recognizing_defects_in_boxes_and_cardboard/images/0307.jpg,kaggle:redf0xwin/recognizing-defects-in-boxes-and-cardboard,dent:138,,,,,,,,,,,pending,,,
real_redf0xwin_0308,data/real/source/redf0xwin_recognizing_defects_in_boxes_and_cardboard/images/0308.jpg,kaggle:redf0xwin/recognizing-defects-in-boxes-and-cardboard,dent:89;dirt:1;hole:5,,,,,,,,,,,pending,,,
real_redf0xwin_0309,data/real/source/redf0xwin_recognizing_defects_in_boxes_and_cardboard/images/0309.jpg,kaggle:redf0xwin/recognizing-defects-in-boxes-and-cardboard,dent:100;dirt:1;hole:7,,,,,,,,,,,pending,,,
real_redf0xwin_0310,data/real/source/redf0xwin_recognizing_defects_in_boxes_and_cardboard/images/0310.jpg,kaggle:redf0xwin/recognizing-defects-in-boxes-and-cardboard,dent:80;dirt:1;hole:3,,,,,,,,,,,pending,,,
real_redf0xwin_0311,data/real/source/redf0xwin_recognizing_defects_in_boxes_and_cardboard/images/0311.jpg,kaggle:redf0xwin/recognizing-defects-in-boxes-and-cardboard,dent:142;hole:3,,,,,,,,,,,pending,,,
real_redf0xwin_0312,data/real/source/redf0xwin_recognizing_defects_in_boxes_and_cardboard/images/0312.jpg,kaggle:redf0xwin/recognizing-defects-in-boxes-and-cardboard,dent:85;hole:1,,,,,,,,,,,pending,,,
real_redf0xwin_0313,data/real/source/redf0xwin_recognizing_defects_in_boxes_and_cardboard/images/0313.jpg,kaggle:redf0xwin/recognizing-defects-in-boxes-and-cardboard,dent:30;hole:1,,,,,,,,,,,pending,,,
real_redf0xwin_0314,data/real/source/redf0xwin_recognizing_defects_in_boxes_and_cardboard/images/0314.jpg,kaggle:redf0xwin/recognizing-defects-in-boxes-and-cardboard,dent:54;dirt:1;hole:1,,,,,,,,,,,pending,,,
real_redf0xwin_0315,data/real/source/redf0xwin_recognizing_defects_in_boxes_and_cardboard/images/0315.jpg,kaggle:redf0xwin/recognizing-defects-in-boxes-and-cardboard,dent:42,,,,,,,,,,,pending,,,
real_redf0xwin_0316,data/real/source/redf0xwin_recognizing_defects_in_boxes_and_cardboard/images/0316.jpg,kaggle:redf0xwin/recognizing-defects-in-boxes-and-cardboard,dent:55;dirt:5,,,,,,,,,,,pending,,,
real_redf0xwin_0317,data/real/source/redf0xwin_recognizing_defects_in_boxes_and_cardboard/images/0317.jpg,kaggle:redf0xwin/recognizing-defects-in-boxes-and-cardboard,dent:62;hole:2,,,,,,,,,,,pending,,,
real_redf0xwin_0318,data/real/source/redf0xwin_recognizing_defects_in_boxes_and_cardboard/images/0318.jpg,kaggle:redf0xwin/recognizing-defects-in-boxes-and-cardboard,dent:51;hole:2,,,,,,,,,,,pending,,,
real_redf0xwin_0319,data/real/source/redf0xwin_recognizing_defects_in_boxes_and_cardboard/images/0319.jpg,kaggle:redf0xwin/recognizing-defects-in-boxes-and-cardboard,dent:144;hole:4,,,,,,,,,,,pending,,,
real_redf0xwin_0320,data/real/source/redf0xwin_recognizing_defects_in_boxes_and_cardboard/images/0320.jpg,kaggle:redf0xwin/recognizing-defects-in-boxes-and-cardboard,dent:63;hole:1,,,,,,,,,,,pending,,,
real_redf0xwin_0321,data/real/source/redf0xwin_recognizing_defects_in_boxes_and_cardboard/images/0321.jpg,kaggle:redf0xwin/recognizing-defects-in-boxes-and-cardboard,dent:44;hole:3,,,,,,,,,,,pending,,,
real_redf0xwin_0322,data/real/source/redf0xwin_recognizing_defects_in_boxes_and_cardboard/images/0322.jpg,kaggle:redf0xwin/recognizing-defects-in-boxes-and-cardboard,dent:44;hole:3,,,,,,,,,,,pending,,,
real_redf0xwin_0323,data/real/source/redf0xwin_recognizing_defects_in_boxes_and_cardboard/images/0323.jpg,kaggle:redf0xwin/recognizing-defects-in-boxes-and-cardboard,dent:43;dirt:1;hole:3,,,,,,,,,,,pending,,,
real_redf0xwin_0324,data/real/source/redf0xwin_recognizing_defects_in_boxes_and_cardboard/images/0324.jpg,kaggle:redf0xwin/recognizing-defects-in-boxes-and-cardboard,dent:39;hole:1,,,,,,,,,,,pending,,,
real_redf0xwin_0325,data/real/source/redf0xwin_recognizing_defects_in_boxes_and_cardboard/images/0325.jpg,kaggle:redf0xwin/recognizing-defects-in-boxes-and-cardboard,dent:107,,,,,,,,,,,pending,,,
real_redf0xwin_0326,data/real/source/redf0xwin_recognizing_defects_in_boxes_and_cardboard/images/0326.jpg,kaggle:redf0xwin/recognizing-defects-in-boxes-and-cardboard,dent:30;dirt:1,,,,,,,,,,,pending,,,
real_redf0xwin_0327,data/real/source/redf0xwin_recognizing_defects_in_boxes_and_cardboard/images/0327.jpg,kaggle:redf0xwin/recognizing-defects-in-boxes-and-cardboard,dent:36,,,,,,,,,,,pending,,,
real_redf0xwin_0328,data/real/source/redf0xwin_recognizing_defects_in_boxes_and_cardboard/images/0328.jpg,kaggle:redf0xwin/recognizing-defects-in-boxes-and-cardboard,dent:19,,,,,,,,,,,pending,,,
real_redf0xwin_0329,data/real/source/redf0xwin_recognizing_defects_in_boxes_and_cardboard/images/0329.jpg,kaggle:redf0xwin/recognizing-defects-in-boxes-and-cardboard,dent:57,,,,,,,,,,,pending,,,
real_redf0xwin_0330,data/real/source/redf0xwin_recognizing_defects_in_boxes_and_cardboard/images/0330.jpg,kaggle:redf0xwin/recognizing-defects-in-boxes-and-cardboard,dent:61,,,,,,,,,,,pending,,,
real_redf0xwin_0331,data/real/source/redf0xwin_recognizing_defects_in_boxes_and_cardboard/images/0331.jpg,kaggle:redf0xwin/recognizing-defects-in-boxes-and-cardboard,dent:25,,,,,,,,,,,pending,,,
real_redf0xwin_0332,data/real/source/redf0xwin_recognizing_defects_in_boxes_and_cardboard/images/0332.jpg,kaggle:redf0xwin/recognizing-defects-in-boxes-and-cardboard,dent:45,,,,,,,,,,,pending,,,
real_redf0xwin_0333,data/real/source/redf0xwin_recognizing_defects_in_boxes_and_cardboard/images/0333.jpg,kaggle:redf0xwin/recognizing-defects-in-boxes-and-cardboard,dent:49,,,,,,,,,,,pending,,,
real_redf0xwin_0334,data/real/source/redf0xwin_recognizing_defects_in_boxes_and_cardboard/images/0334.jpg,kaggle:redf0xwin/recognizing-defects-in-boxes-and-cardboard,dent:35,,,,,,,,,,,pending,,,
real_redf0xwin_0335,data/real/source/redf0xwin_recognizing_defects_in_boxes_and_cardboard/images/0335.jpg,kaggle:redf0xwin/recognizing-defects-in-boxes-and-cardboard,dent:21,,,,,,,,,,,pending,,,
real_redf0xwin_0336,data/real/source/redf0xwin_recognizing_defects_in_boxes_and_cardboard/images/0336.jpg,kaggle:redf0xwin/recognizing-defects-in-boxes-and-cardboard,dent:54;hole:4,,,,,,,,,,,pending,,,
real_redf0xwin_0337,data/real/source/redf0xwin_recognizing_defects_in_boxes_and_cardboard/images/0337.jpg,kaggle:redf0xwin/recognizing-defects-in-boxes-and-cardboard,dent:34;hole:2,,,,,,,,,,,pending,,,
real_redf0xwin_0338,data/real/source/redf0xwin_recognizing_defects_in_boxes_and_cardboard/images/0338.jpg,kaggle:redf0xwin/recognizing-defects-in-boxes-and-cardboard,dent:62;hole:2,,,,,,,,,,,pending,,,
real_redf0xwin_0339,data/real/source/redf0xwin_recognizing_defects_in_boxes_and_cardboard/images/0339.jpg,kaggle:redf0xwin/recognizing-defects-in-boxes-and-cardboard,dent:59;hole:5,,,,,,,,,,,pending,,,
real_redf0xwin_0340,data/real/source/redf0xwin_recognizing_defects_in_boxes_and_cardboard/images/0340.jpg,kaggle:redf0xwin/recognizing-defects-in-boxes-and-cardboard,dent:103;dirt:11;hole:3,,,,,,,,,,,pending,,,
real_redf0xwin_0341,data/real/source/redf0xwin_recognizing_defects_in_boxes_and_cardboard/images/0341.jpg,kaggle:redf0xwin/recognizing-defects-in-boxes-and-cardboard,dent:60;hole:2,,,,,,,,,,,pending,,,
real_redf0xwin_0342,data/real/source/redf0xwin_recognizing_defects_in_boxes_and_cardboard/images/0342.jpg,kaggle:redf0xwin/recognizing-defects-in-boxes-and-cardboard,dent:92,,,,,,,,,,,pending,,,
real_redf0xwin_0343,data/real/source/redf0xwin_recognizing_defects_in_boxes_and_cardboard/images/0343.jpg,kaggle:redf0xwin/recognizing-defects-in-boxes-and-cardboard,dent:57;dirt:6,,,,,,,,,,,pending,,,
real_redf0xwin_0344,data/real/source/redf0xwin_recognizing_defects_in_boxes_and_cardboard/images/0344.jpg,kaggle:redf0xwin/recognizing-defects-in-boxes-and-cardboard,dent:35;dirt:17;hole:1,,,,,,,,,,,pending,,,
real_redf0xwin_0345,data/real/source/redf0xwin_recognizing_defects_in_boxes_and_cardboard/images/0345.jpg,kaggle:redf0xwin/recognizing-defects-in-boxes-and-cardboard,dent:68;dirt:29;hole:2,,,,,,,,,,,pending,,,
real_redf0xwin_0346,data/real/source/redf0xwin_recognizing_defects_in_boxes_and_cardboard/images/0346.jpg,kaggle:redf0xwin/recognizing-defects-in-boxes-and-cardboard,dent:64;hole:7,,,,,,,,,,,pending,,,
real_redf0xwin_0347,data/real/source/redf0xwin_recognizing_defects_in_boxes_and_cardboard/images/0347.jpg,kaggle:redf0xwin/recognizing-defects-in-boxes-and-cardboard,dent:111,,,,,,,,,,,pending,,,
real_redf0xwin_0348,data/real/source/redf0xwin_recognizing_defects_in_boxes_and_cardboard/images/0348.jpg,kaggle:redf0xwin/recognizing-defects-in-boxes-and-cardboard,dent:113,,,,,,,,,,,pending,,,
real_redf0xwin_0349,data/real/source/redf0xwin_recognizing_defects_in_boxes_and_cardboard/images/0349.jpg,kaggle:redf0xwin/recognizing-defects-in-boxes-and-cardboard,dent:94;hole:2,,,,,,,,,,,pending,,,
real_redf0xwin_0350,data/real/source/redf0xwin_recognizing_defects_in_boxes_and_cardboard/images/0350.jpg,kaggle:redf0xwin/recognizing-defects-in-boxes-and-cardboard,dent:69,,,,,,,,,,,pending,,,
real_redf0xwin_0351,data/real/source/redf0xwin_recognizing_defects_in_boxes_and_cardboard/images/0351.jpg,kaggle:redf0xwin/recognizing-defects-in-boxes-and-cardboard,dent:59;hole:3,,,,,,,,,,,pending,,,
real_redf0xwin_0352,data/real/source/redf0xwin_recognizing_defects_in_boxes_and_cardboard/images/0352.jpg,kaggle:redf0xwin/recognizing-defects-in-boxes-and-cardboard,dent:67,,,,,,,,,,,pending,,,
real_redf0xwin_0353,data/real/source/redf0xwin_recognizing_defects_in_boxes_and_cardboard/images/0353.jpg,kaggle:redf0xwin/recognizing-defects-in-boxes-and-cardboard,dent:101,,,,,,,,,,,pending,,,
real_redf0xwin_0354,data/real/source/redf0xwin_recognizing_defects_in_boxes_and_cardboard/images/0354.jpg,kaggle:redf0xwin/recognizing-defects-in-boxes-and-cardboard,dent:130;hole:15,,,,,,,,,,,pending,,,
real_redf0xwin_0355,data/real/source/redf0xwin_recognizing_defects_in_boxes_and_cardboard/images/0355.jpg,kaggle:redf0xwin/recognizing-defects-in-boxes-and-cardboard,dent:71,,,,,,,,,,,pending,,,
real_redf0xwin_0356,data/real/source/redf0xwin_recognizing_defects_in_boxes_and_cardboard/images/0356.jpg,kaggle:redf0xwin/recognizing-defects-in-boxes-and-cardboard,dent:106,,,,,,,,,,,pending,,,
real_redf0xwin_0357,data/real/source/redf0xwin_recognizing_defects_in_boxes_and_cardboard/images/0357.jpg,kaggle:redf0xwin/recognizing-defects-in-boxes-and-cardboard,dent:136;hole:1,,,,,,,,,,,pending,,,
real_redf0xwin_0358,data/real/source/redf0xwin_recognizing_defects_in_boxes_and_cardboard/images/0358.jpg,kaggle:redf0xwin/recognizing-defects-in-boxes-and-cardboard,dent:107;hole:2,,,,,,,,,,,pending,,,
real_redf0xwin_0359,data/real/source/redf0xwin_recognizing_defects_in_boxes_and_cardboard/images/0359.jpg,kaggle:redf0xwin/recognizing-defects-in-boxes-and-cardboard,dent:74;hole:2,,,,,,,,,,,pending,,,
real_redf0xwin_0360,data/real/source/redf0xwin_recognizing_defects_in_boxes_and_cardboard/images/0360.jpg,kaggle:redf0xwin/recognizing-defects-in-boxes-and-cardboard,dent:103;hole:9,,,,,,,,,,,pending,,,
real_redf0xwin_0361,data/real/source/redf0xwin_recognizing_defects_in_boxes_and_cardboard/images/0361.jpg,kaggle:redf0xwin/recognizing-defects-in-boxes-and-cardboard,dent:29;hole:18,,,,,,,,,,,pending,,,
real_redf0xwin_0362,data/real/source/redf0xwin_recognizing_defects_in_boxes_and_cardboard/images/0362.jpg,kaggle:redf0xwin/recognizing-defects-in-boxes-and-cardboard,dent:108;hole:5,,,,,,,,,,,pending,,,
real_redf0xwin_0363,data/real/source/redf0xwin_recognizing_defects_in_boxes_and_cardboard/images/0363.jpg,kaggle:redf0xwin/recognizing-defects-in-boxes-and-cardboard,dent:59;hole:2,,,,,,,,,,,pending,,,
real_redf0xwin_0364,data/real/source/redf0xwin_recognizing_defects_in_boxes_and_cardboard/images/0364.jpg,kaggle:redf0xwin/recognizing-defects-in-boxes-and-cardboard,dent:219;dirt:3;hole:4,,,,,,,,,,,pending,,,
real_redf0xwin_0365,data/real/source/redf0xwin_recognizing_defects_in_boxes_and_cardboard/images/0365.jpg,kaggle:redf0xwin/recognizing-defects-in-boxes-and-cardboard,dent:141;hole:11,,,,,,,,,,,pending,,,
real_redf0xwin_0366,data/real/source/redf0xwin_recognizing_defects_in_boxes_and_cardboard/images/0366.jpg,kaggle:redf0xwin/recognizing-defects-in-boxes-and-cardboard,dent:131;hole:1,,,,,,,,,,,pending,,,
real_redf0xwin_0367,data/real/source/redf0xwin_recognizing_defects_in_boxes_and_cardboard/images/0367.jpg,kaggle:redf0xwin/recognizing-defects-in-boxes-and-cardboard,dent:175;hole:2,,,,,,,,,,,pending,,,
real_redf0xwin_0368,data/real/source/redf0xwin_recognizing_defects_in_boxes_and_cardboard/images/0368.jpg,kaggle:redf0xwin/recognizing-defects-in-boxes-and-cardboard,dent:58;dirt:8,,,,,,,,,,,pending,,,
real_redf0xwin_0369,data/real/source/redf0xwin_recognizing_defects_in_boxes_and_cardboard/images/0369.jpg,kaggle:redf0xwin/recognizing-defects-in-boxes-and-cardboard,dent:94;dirt:11,,,,,,,,,,,pending,,,
real_redf0xwin_0370,data/real/source/redf0xwin_recognizing_defects_in_boxes_and_cardboard/images/0370.jpg,kaggle:redf0xwin/recognizing-defects-in-boxes-and-cardboard,dent:32,,,,,,,,,,,pending,,,
real_redf0xwin_0371,data/real/source/redf0xwin_recognizing_defects_in_boxes_and_cardboard/images/0371.jpg,kaggle:redf0xwin/recognizing-defects-in-boxes-and-cardboard,dent:58;dirt:8,,,,,,,,,,,pending,,,
real_redf0xwin_0372,data/real/source/redf0xwin_recognizing_defects_in_boxes_and_cardboard/images/0372.jpg,kaggle:redf0xwin/recognizing-defects-in-boxes-and-cardboard,dent:50,,,,,,,,,,,pending,,,
real_redf0xwin_0373,data/real/source/redf0xwin_recognizing_defects_in_boxes_and_cardboard/images/0373.jpg,kaggle:redf0xwin/recognizing-defects-in-boxes-and-cardboard,dent:69;hole:2,,,,,,,,,,,pending,,,
real_redf0xwin_0374,data/real/source/redf0xwin_recognizing_defects_in_boxes_and_cardboard/images/0374.jpg,kaggle:redf0xwin/recognizing-defects-in-boxes-and-cardboard,dent:119;dirt:10;hole:1,,,,,,,,,,,pending,,,
real_redf0xwin_0375,data/real/source/redf0xwin_recognizing_defects_in_boxes_and_cardboard/images/0375.jpg,kaggle:redf0xwin/recognizing-defects-in-boxes-and-cardboard,dent:86;hole:1,,,,,,,,,,,pending,,,
real_redf0xwin_0376,data/real/source/redf0xwin_recognizing_defects_in_boxes_and_cardboard/images/0376.jpg,kaggle:redf0xwin/recognizing-defects-in-boxes-and-cardboard,dent:111;hole:3,,,,,,,,,,,pending,,,
real_redf0xwin_0377,data/real/source/redf0xwin_recognizing_defects_in_boxes_and_cardboard/images/0377.jpg,kaggle:redf0xwin/recognizing-defects-in-boxes-and-cardboard,dent:78;hole:2,,,,,,,,,,,pending,,,
real_redf0xwin_0378,data/real/source/redf0xwin_recognizing_defects_in_boxes_and_cardboard/images/0378.jpg,kaggle:redf0xwin/recognizing-defects-in-boxes-and-cardboard,dent:42;hole:6,,,,,,,,,,,pending,,,
real_redf0xwin_0379,data/real/source/redf0xwin_recognizing_defects_in_boxes_and_cardboard/images/0379.jpg,kaggle:redf0xwin/recognizing-defects-in-boxes-and-cardboard,dent:74;hole:1,,,,,,,,,,,pending,,,
real_redf0xwin_0380,data/real/source/redf0xwin_recognizing_defects_in_boxes_and_cardboard/images/0380.jpg,kaggle:redf0xwin/recognizing-defects-in-boxes-and-cardboard,dent:42;hole:6,,,,,,,,,,,pending,,,
real_redf0xwin_0381,data/real/source/redf0xwin_recognizing_defects_in_boxes_and_cardboard/images/0381.jpg,kaggle:redf0xwin/recognizing-defects-in-boxes-and-cardboard,dent:51;hole:2,,,,,,,,,,,pending,,,
real_redf0xwin_0382,data/real/source/redf0xwin_recognizing_defects_in_boxes_and_cardboard/images/0382.jpg,kaggle:redf0xwin/recognizing-defects-in-boxes-and-cardboard,dent:137;dirt:18;hole:3,,,,,,,,,,,pending,,,
real_redf0xwin_0383,data/real/source/redf0xwin_recognizing_defects_in_boxes_and_cardboard/images/0383.jpg,kaggle:redf0xwin/recognizing-defects-in-boxes-and-cardboard,dent:100;dirt:8;hole:1,,,,,,,,,,,pending,,,
real_redf0xwin_0384,data/real/source/redf0xwin_recognizing_defects_in_boxes_and_cardboard/images/0384.jpg,kaggle:redf0xwin/recognizing-defects-in-boxes-and-cardboard,dent:70;hole:2,,,,,,,,,,,pending,,,
real_redf0xwin_0385,data/real/source/redf0xwin_recognizing_defects_in_boxes_and_cardboard/images/0385.jpg,kaggle:redf0xwin/recognizing-defects-in-boxes-and-cardboard,dent:149;dirt:3,,,,,,,,,,,pending,,,
real_redf0xwin_0386,data/real/source/redf0xwin_recognizing_defects_in_boxes_and_cardboard/images/0386.jpg,kaggle:redf0xwin/recognizing-defects-in-boxes-and-cardboard,dent:58;hole:14,,,,,,,,,,,pending,,,
real_redf0xwin_0387,data/real/source/redf0xwin_recognizing_defects_in_boxes_and_cardboard/images/0387.jpg,kaggle:redf0xwin/recognizing-defects-in-boxes-and-cardboard,dent:83,,,,,,,,,,,pending,,,
real_redf0xwin_0388,data/real/source/redf0xwin_recognizing_defects_in_boxes_and_cardboard/images/0388.jpg,kaggle:redf0xwin/recognizing-defects-in-boxes-and-cardboard,dent:54;hole:6,,,,,,,,,,,pending,,,
real_redf0xwin_0389,data/real/source/redf0xwin_recognizing_defects_in_boxes_and_cardboard/images/0389.jpg,kaggle:redf0xwin/recognizing-defects-in-boxes-and-cardboard,dent:87;hole:3,,,,,,,,,,,pending,,,
real_redf0xwin_0390,data/real/source/redf0xwin_recognizing_defects_in_boxes_and_cardboard/images/0390.jpg,kaggle:redf0xwin/recognizing-defects-in-boxes-and-cardboard,dent:56;dirt:1;hole:5,,,,,,,,,,,pending,,,
